season,season_type,week,player_display_name,player_position,team_abbr,efficiency,percent_attempts_gte_eight_defenders,avg_time_to_los,rush_attempts,rush_yards,expected_rush_yards,rush_yards_over_expected,avg_rush_yards,rush_yards_over_expected_per_att,rush_pct_over_expected,rush_touchdowns,player_gsis_id,player_first_name,player_last_name,player_jersey_number,player_short_name
2019,REG,0,David Montgomery,RB,CHI,4.052474691,19.83471074,2.749971074,242,889,930.1655702,-41.16557017,3.673553719,-0.170105662,0.392561983,6,00-0035685,David,Montgomery,32,D.Montgomery
2019,REG,0,David Johnson,RB,ARI,4.253304348,5.319148936,2.906053191,94,345,419.2310591,-76.23105909,3.670212766,-0.819688807,0.258064516,2,00-0032187,David,Johnson,31,D.Johnson
2019,REG,0,Miles Sanders,RB,PHI,3.894633252,11.73184358,2.963882682,179,818,846.0146633,-28.01466329,4.569832402,-0.156506499,0.312849162,3,00-0035243,Miles,Sanders,26,M.Sanders
2019,REG,0,Chris Carson,RB,SEA,3.899113821,21.22302158,2.876100719,278,1230,1085.038805,144.9611945,4.424460432,0.521443146,0.438848921,7,00-0033594,Chris,Carson,32,C.Carson
2019,REG,0,Josh Jacobs,RB,LV,3.558965217,20.24793388,2.669041322,242,1150,954.6186872,195.3813128,4.752066116,0.807360797,0.417355372,7,00-0035700,Joshua,Jacobs,28,J.Jacobs
2019,REG,0,Adrian Peterson,RB,WAS,3.894331849,29.38388626,2.890393365,211,898,833.6627885,64.33721149,4.255924171,0.304915694,0.398104265,5,00-0025394,Adrian,Peterson,26,A.Peterson
2019,REG,0,Aaron Jones,RB,GB,3.986254613,20.76271186,2.748614407,236,1084,994.4369823,68.56301773,4.593220339,0.293004349,0.393162393,16,00-0033293,Aaron,Jones,33,A.Jones
2019,REG,0,Bo Scarbrough,RB,DET,3.675649867,20.2247191,2.694359551,89,377,402.3770217,-25.37702171,4.235955056,-0.285135075,0.325842697,1,00-0034432,Kelvinton,Scarbrough,43,B.Scarbrough
2019,REG,0,Joe Mixon,HB,CIN,3.950299033,7.913669065,2.866672662,278,1137,1121.243577,15.75642273,4.089928058,0.05667778,0.352517986,5,00-0033897,Joe,Mixon,28,J.Mixon
2019,REG,0,Royce Freeman,RB,DEN,4.30375,15.90909091,2.882274809,132,496,566.5319142,-70.53191417,3.757575758,-0.538411559,0.320610687,3,00-0034838,Royce,Freeman,28,R.Freeman
2019,REG,0,Latavius Murray,RB,NO,3.558948195,35.61643836,2.65390411,146,637,625.2762393,11.72376074,4.363013699,0.080299731,0.376712329,5,00-0030513,Latavius,Murray,28,L.Murray
2019,REG,0,Melvin Gordon,RB,LAC,4.157352941,12.34567901,2.74417284,162,612,647.8905726,-37.89057259,3.777777778,-0.235345171,0.341614907,8,00-0032144,Melvin,Gordon,25,M.Gordon
2019,REG,0,Christian McCaffrey,RB,CAR,3.458767123,23.34494774,2.71043554,287,1387,1168.132646,210.867354,4.832752613,0.739885453,0.38245614,15,00-0033280,Christian,McCaffrey,22,C.McCaffrey
2019,REG,0,Phillip Lindsay,RB,DEN,4.007883284,16.51785714,2.991973214,224,1011,954.1250719,36.87492814,4.513392857,0.16610328,0.342342342,7,00-0034109,Phillip,Lindsay,30,P.Lindsay
2019,REG,0,Frank Gore,RB,BUF,3.768814691,37.34939759,2.617301205,166,599,641.3654742,-42.36547422,3.608433735,-0.2552137,0.319277108,2,00-0023500,Frank,Gore,20,F.Gore
2019,REG,0,Peyton Barber,RB,TB,4.158808511,33.11688312,2.679525974,154,470,581.3261283,-111.3261283,3.051948052,-0.722896937,0.292207792,6,00-0032741,Kenneth,Barber,25,P.Barber
2019,REG,0,Carlos Hyde,RB,HOU,3.54835514,14.69387755,2.770183673,245,1070,922.0511332,115.9488668,4.367346939,0.477155831,0.419753086,6,00-0031045,Carlos,Hyde,23,C.Hyde
2019,REG,0,Tevin Coleman,RB,SF,4.284761029,40.1459854,2.902124088,137,544,499.1557991,44.84420092,3.97080292,0.327329934,0.408759124,6,00-0032058,Tevin,Coleman,26,T.Coleman
2019,REG,0,Damien Williams,RB,KC,3.99564257,8.108108108,2.909315315,111,498,414.74404,83.25596004,4.486486486,0.750053694,0.369369369,5,00-0030874,Damien,Williams,26,Dam.Williams
2019,REG,0,Alvin Kamara,RB,NO,3.813814304,16.37426901,2.768076023,171,797,778.4044759,6.595524116,4.660818713,0.03902677,0.402366864,5,00-0033906,Alvin,Kamara,41,A.Kamara
2019,REG,0,Kerryon Johnson,RB,DET,4.025980149,29.20353982,2.733336283,113,403,456.7142805,-53.71428053,3.566371681,-0.475347615,0.353982301,3,00-0034349,Kerryon,Johnson,33,K.Johnson
2019,REG,0,Marlon Mack,RB,IND,3.943079743,12.14574899,3.067712551,247,1091,1041.131446,49.86855416,4.417004049,0.20189698,0.380566802,8,00-0033951,Marlon,Mack,25,M.Mack
2019,REG,0,Matt Breida,RB,SF,4.057817014,30.08130081,2.990292683,123,623,585.1566634,37.84333664,5.06504065,0.307669404,0.357723577,1,00-0033308,Matthew,Breida,22,M.Breida
2019,REG,0,Raheem Mostert,RB,SF,3.479624352,32.11678832,2.873007299,137,772,691.1263353,74.87366475,5.635036496,0.554619739,0.42962963,8,00-0031687,Dominique,Mostert,31,R.Mostert
2019,REG,0,Tony Pollard,RB,DAL,3.465516484,12.79069767,3.113488372,86,455,364.3042998,90.69570019,5.290697674,1.054601165,0.465116279,2,00-0035261,Tony,Pollard,20,T.Pollard
2019,REG,0,Todd Gurley,RB,LAR,4.43201867,24.21524664,2.968726457,223,857,1007.050832,-150.050832,3.843049327,-0.672873686,0.3632287,12,00-0032241,Todd Gurley II,Gurley,30,T.Gurley
2019,REG,0,Sony Michel,RB,NE,4.246633772,33.60323887,2.704331984,247,912,961.7452579,-49.74525788,3.692307692,-0.201397805,0.400809717,7,00-0034845,Sony,Michel,26,S.Michel
2019,REG,0,Kenyan Drake,RB,ARI,3.664381885,8.823529412,2.897441176,170,817,756.3775123,36.6224877,4.805882353,0.217990998,0.363095238,8,00-0033118,Kenyan,Drake,41,K.Drake
2019,REG,0,Devin Singletary,RB,BUF,3.516477419,5.298013245,2.926907285,151,775,714.3191836,60.6808164,5.132450331,0.401859711,0.417218543,2,00-0035250,Devin,Singletary,26,D.Singletary
2019,REG,0,LeSean McCoy,RB,KC,3.653526882,10.89108911,2.752544554,101,465,485.5338931,-20.53389312,4.603960396,-0.203305872,0.277227723,4,00-0027029,LeSean,McCoy,25,L.McCoy
2019,REG,0,Austin Ekeler,RB,LAC,4.403141831,10.60606061,3.088856061,132,557,631.2325705,-74.23257045,4.21969697,-0.562367958,0.318181818,3,00-0033699,Austin,Ekeler,30,A.Ekeler
2019,REG,0,Jamaal Williams,RB,GB,3.644173913,20.56074766,2.550327103,107,460,465.211222,-5.211221981,4.299065421,-0.048703009,0.392523364,1,00-0033948,Jamaal,Williams,30,J.Williams
2019,REG,0,Saquon Barkley,RB,NYG,3.661994018,11.52073733,2.892133641,217,1003,873.5935675,127.4064325,4.622119816,0.589844595,0.347222222,6,00-0034844,Saquon,Barkley,26,S.Barkley
2019,REG,0,Benny Snell,RB,PIT,4.054295775,39.81481481,2.804592593,108,426,372.6907127,53.30928732,3.944444444,0.493604512,0.490740741,2,00-0035217,Benny,Snell,24,B.Snell Jr.
2019,REG,0,Leonard Fournette,RB,JAX,3.844270833,31.69811321,2.807543396,265,1152,1027.09798,123.9020198,4.347169811,0.469325833,0.318181818,3,00-0033856,Leonard,Fournette,27,L.Fournette
2019,REG,0,Le'Veon Bell,RB,NYJ,4.479898606,17.14285714,2.864640816,245,789,886.2346628,-99.23466284,3.220408163,-0.41006059,0.388429752,3,00-0030496,Le'Veon,Bell,26,L.Bell
2019,REG,0,Mark Ingram,RB,BAL,3.336227898,22.27722772,2.774608911,202,1018,903.4590225,100.5409775,5.03960396,0.512964171,0.403061224,10,00-0027966,Mark,Ingram,21,M.Ingram II
2019,REG,0,Alexander Mattison,RB,MIN,4.038549784,34,2.72403,100,462,404.5337485,57.46625152,4.62,0.574662515,0.38,1,00-0034972,Alexander,Mattison,25,A.Mattison
2019,REG,0,Devonta Freeman,RB,ATL,4.590060976,22.82608696,2.917440217,184,656,873.7628931,-217.7628931,3.565217391,-1.183493984,0.293478261,2,00-0031285,Devonta,Freeman,24,D.Freeman
2019,REG,0,Derrick Henry,RB,TEN,3.452948052,35.31353135,2.780268212,303,1540,1207.46687,313.5331296,5.082508251,1.048605785,0.448160535,16,00-0032764,Derrick,Henry,22,D.Henry
2019,REG,0,Nick Chubb,RB,CLE,3.554564926,13.08724832,2.977620805,298,1494,1222.04509,270.9549099,5.013422819,0.912306094,0.414141414,8,00-0034791,Nicholas,Chubb,24,N.Chubb
2019,REG,0,James Conner,RB,PIT,4.073642241,13.79310345,2.871715517,116,464,499.8760491,-35.87604906,4,-0.309276285,0.379310345,4,00-0033553,James,Conner,30,J.Conner
2019,REG,0,DeAndre Washington,RB,LV,4.279457364,14.81481481,2.779787037,108,387,482.5080721,-95.50807209,3.583333333,-0.884334001,0.305555556,3,00-0032940,DeAndre,Washington,33,D.Washington
2019,REG,0,Ronald Jones,RB,TB,3.747845304,26.1627907,2.63344186,172,724,692.3416009,31.6583991,4.209302326,0.18406046,0.343023256,6,00-0034816,Ronald,Jones,27,R.Jones
2019,REG,0,Ezekiel Elliott,RB,DAL,3.490125276,19.26910299,2.743468439,301,1357,1244.97854,112.0214598,4.508305648,0.372164318,0.471760797,12,00-0033045,Ezekiel,Elliott,21,E.Elliott
2019,REG,0,Dalvin Cook,RB,MIN,4.22123348,24,2.900264,250,1135,1033.518159,101.4818405,4.54,0.405927362,0.4,13,00-0033893,Dalvin,Cook,33,D.Cook
2019,REG,0,Gus Edwards,RB,BAL,2.925302391,22.55639098,2.61443609,133,711,636.3357784,74.66422162,5.345864662,0.561385125,0.37593985,2,00-0034184,Gus,Edwards,35,G.Edwards
2019,REG,0,Jordan Howard,RB,PHI,3.497542857,17.64705882,2.84092437,119,525,517.2881305,7.711869469,4.411764706,0.064805626,0.445378151,6,00-0032780,Jordan,Howard,24,J.Howard
2019,REG,1,C.J. Anderson,RB,DET,4.367142857,72.72727273,2.673545455,11,35,33.27126135,1.728738645,3.181818182,0.157158059,0.363636364,0,00-0029854,Cortrelle,Anderson,26,C.Anderson
2019,REG,1,Ezekiel Elliott,RB,DAL,4.432075472,7.692307692,2.954230769,13,53,54.99697149,-1.99697149,4.076923077,-0.153613192,0.384615385,1,00-0033045,Ezekiel,Elliott,21,E.Elliott
2019,REG,1,Gus Edwards,RB,BAL,3.638035714,11.76470588,2.433117647,17,56,55.28841859,0.711581415,3.294117647,0.04185773,0.411764706,0,00-0034184,Gus,Edwards,35,G.Edwards
2019,REG,1,Nick Chubb,RB,CLE,3.479866667,0,2.707235294,17,75,68.42611255,6.573887453,4.411764706,0.386699262,0.588235294,0,00-0034791,Nicholas,Chubb,24,N.Chubb
2019,REG,1,Josh Jacobs,RB,LV,3.617647059,26.08695652,2.270130435,23,85,78.857511,6.142489005,3.695652174,0.267064739,0.47826087,2,00-0035700,Joshua,Jacobs,28,J.Jacobs
2019,REG,1,Todd Gurley,RB,LAR,2.979587629,0,2.702,14,97,86.45082988,10.54917012,6.928571429,0.753512151,0.428571429,0,00-0032241,Todd Gurley II,Gurley,30,T.Gurley
2019,REG,1,Tony Pollard,RB,DAL,7.593333333,15.38461538,3.325692308,13,24,44.64145408,-20.64145408,1.846153846,-1.58780416,0.230769231,0,00-0035261,Tony,Pollard,20,T.Pollard
2019,REG,1,Ronald Jones,RB,TB,2.677333333,7.692307692,2.440769231,13,75,51.45316511,23.54683489,5.769230769,1.811294991,0.615384615,0,00-0034816,Ronald,Jones,27,R.Jones
2019,REG,1,Kerryon Johnson,RB,DET,4.31122449,62.5,2.8274375,16,49,60.41984068,-11.41984068,3.0625,-0.713740042,0.25,0,00-0034349,Kerryon,Johnson,33,K.Johnson
2019,REG,1,David Johnson,RB,ARI,3.959878049,0,2.861888889,18,82,92.40991188,-10.40991188,4.555555556,-0.578328438,0.388888889,0,00-0032187,David,Johnson,31,D.Johnson
2019,REG,1,Marlon Mack,RB,IND,2.828218391,4,2.86628,25,174,124.7986385,49.20136145,6.96,1.968054458,0.32,1,00-0033951,Marlon,Mack,25,M.Mack
2019,REG,1,Austin Ekeler,RB,LAC,3.735689655,25,3.300583333,12,58,64.98893474,-6.988934739,4.833333333,-0.582411228,0.333333333,1,00-0033699,Austin,Ekeler,30,A.Ekeler
2019,REG,1,Carlos Hyde,RB,HOU,2.622168675,0,2.9733,10,83,45.5245968,37.4754032,8.3,3.74754032,0.7,0,00-0031045,Carlos,Hyde,23,C.Hyde
2019,REG,1,LeSean McCoy,RB,KC,2.101604938,0,2.5608,10,81,50.1912048,30.8087952,8.1,3.08087952,0.4,0,00-0027029,LeSean,McCoy,25,L.McCoy
2019,REG,1,Christian McCaffrey,RB,CAR,2.41828125,26.31578947,2.388578947,19,128,83.53807829,36.46192171,6.736842105,2.025662317,0.555555556,2,00-0033280,Christian,McCaffrey,22,C.McCaffrey
2019,REG,1,Sony Michel,RB,NE,14.85785714,0,2.6444,15,14,62.13782134,-48.13782134,0.933333333,-3.209188089,0.066666667,0,00-0034845,Sony,Michel,26,S.Michel
2019,REG,1,Royce Freeman,RB,DEN,3.333392857,0,3.067,10,56,47.73842725,8.261572748,5.6,0.917952528,0.444444444,0,00-0034838,Royce,Freeman,28,R.Freeman
2019,REG,1,Miles Sanders,RB,PHI,7.8296,27.27272727,2.596909091,11,25,30.24440536,-5.244405357,2.272727273,-0.476764123,0.272727273,0,00-0035243,Miles,Sanders,26,M.Sanders
2019,REG,1,Alvin Kamara,RB,NO,3.063402062,7.692307692,2.865076923,13,97,62.732526,34.267474,7.461538462,2.635959538,0.461538462,0,00-0033906,Alvin,Kamara,41,A.Kamara
2019,REG,1,Derrick Henry,RB,TEN,4.264761905,42.10526316,2.865947368,19,84,88.12595981,-4.125959811,4.421052632,-0.21715578,0.315789474,1,00-0032764,Derrick,Henry,22,D.Henry
2019,REG,1,Dalvin Cook,RB,MIN,3.413693694,47.61904762,2.834190476,21,111,78.71027687,32.28972313,5.285714286,1.537605864,0.380952381,2,00-0033893,Dalvin,Cook,33,D.Cook
2019,REG,1,Saquon Barkley,RB,NYG,1.942916667,36.36363636,3.054363636,11,120,49.1575981,70.8424019,10.90909091,6.440218355,0.636363636,0,00-0034844,Saquon,Barkley,26,S.Barkley
2019,REG,1,Derrius Guice,RB,WAS,8.176111111,10,2.6224,10,18,47.71680217,-29.71680217,1.8,-2.971680217,0.1,0,00-0034358,Derrius,Guice,29,D.Guice
2019,REG,1,Matt Breida,RB,SF,7.096486486,20,2.886533333,15,37,53.29972133,-16.29972133,2.466666667,-1.086648089,0.2,0,00-0033308,Matthew,Breida,22,M.Breida
2019,REG,1,Malcolm Brown,RB,LAR,3.109622642,9.090909091,2.673727273,11,53,37.00362659,15.99637341,4.818181818,1.454215764,0.454545455,2,00-0031806,Malcolm,Brown,34,M.Brown
2019,REG,1,Leonard Fournette,RB,JAX,3.431212121,23.07692308,2.748692308,13,66,56.66152422,9.338475781,5.076923077,0.718344291,0.461538462,0,00-0033856,Leonard,Fournette,27,L.Fournette
2019,REG,1,Mark Ingram,RB,BAL,2.506261682,21.42857143,2.4905,14,107,55.43885747,47.56114253,7.642857143,3.658549425,0.615384615,2,00-0027966,Mark,Ingram,21,M.Ingram
2019,REG,1,Damien Williams,RB,KC,6.122692308,7.692307692,2.828769231,13,26,50.05078443,-24.05078443,2,-1.850060341,0.307692308,1,00-0030874,Damien,Williams,26,Dam.Williams
2019,REG,1,James Conner,RB,PIT,7.903333333,0,3.215,10,21,37.3007458,-16.3007458,2.1,-1.63007458,0.3,0,00-0033553,James,Conner,30,J.Conner
2019,REG,1,Chris Carson,RB,SEA,4.956304348,6.666666667,2.8878,15,46,52.41635831,-6.416358309,3.066666667,-0.427757221,0.266666667,1,00-0033594,Christopher,Carson,32,C.Carson
2019,REG,1,Frank Gore,RB,BUF,6.114,18.18181818,2.742272727,11,20,29.98199241,-9.98199241,1.818181818,-0.907453855,0.363636364,0,00-0023500,Frank,Gore,20,F.Gore
2019,REG,1,Aaron Jones,RB,GB,5.247948718,0,2.750923077,13,39,58.27121943,-19.27121943,3,-1.482401495,0.153846154,0,00-0033293,Aaron,Jones,33,A.Jones
2019,REG,1,Phillip Lindsay,RB,DEN,4.184651163,27.27272727,2.976090909,11,43,50.72781355,-7.727813547,3.909090909,-0.702528504,0.363636364,0,00-0034109,Phillip,Lindsay,30,P.Lindsay
2019,REG,1,Le'Veon Bell,RB,NYJ,3.789666667,11.76470588,2.899764706,17,60,48.6218616,11.3781384,3.529411765,0.669302259,0.588235294,0,00-0030496,Le'Veon,Bell,26,L.Bell
2019,REG,2,LeSean McCoy,RB,KC,8.283043478,9.090909091,2.884636364,11,23,46.50647727,-23.50647727,2.090909091,-2.136952479,0.272727273,0,00-0027029,LeSean,McCoy,25,L.McCoy
2019,REG,2,Leonard Fournette,RB,JAX,4.857446809,26.66666667,3.034933333,15,47,57.50835031,-10.50835031,3.133333333,-0.700556687,0.133333333,0,00-0033856,Leonard,Fournette,27,L.Fournette
2019,REG,2,Saquon Barkley,RB,NYG,2.76588785,5.555555556,2.7545,18,107,85.79142246,21.20857754,5.944444444,1.178254308,0.444444444,1,00-0034844,Saquon,Barkley,26,S.Barkley
2019,REG,2,Carlos Hyde,RB,HOU,3.161444444,5,2.6343,20,90,81.61886423,8.381135772,4.5,0.419056789,0.5,0,00-0031045,Carlos,Hyde,23,C.Hyde
2019,REG,2,Alvin Kamara,RB,NO,4.067333333,38.46153846,2.588384615,13,45,53.58860293,-8.588602935,3.461538462,-0.660661764,0.307692308,0,00-0033906,Alvin,Kamara,41,A.Kamara
2019,REG,2,Le'Veon Bell,RB,NYJ,4.172647059,19.04761905,2.971666667,21,68,75.40640899,-11.40640899,3.238095238,-0.570320449,0.35,0,00-0030496,Le'Veon,Bell,26,L.Bell
2019,REG,2,Mark Ingram,RB,BAL,4.071702128,46.15384615,2.907692308,13,47,55.62154879,-8.621548788,3.615384615,-0.663196061,0.307692308,0,00-0027966,Mark,Ingram,21,M.Ingram
2019,REG,2,Rashaad Penny,RB,SEA,2.664516129,0,2.6491,10,62,49.66700498,12.33299502,6.2,1.233299502,0.3,1,00-0034750,Rashaad,Penny,20,R.Penny
2019,REG,2,Marlon Mack,RB,IND,6.072156863,10,3.69695,20,51,67.74403187,-16.74403187,2.55,-0.837201593,0.45,0,00-0033951,Marlon,Mack,25,M.Mack
2019,REG,2,Raheem Mostert,RB,SF,3.227349398,46.15384615,3.091461538,13,83,63.03982862,19.96017138,6.384615385,1.535397798,0.461538462,0,00-0031687,Dominique,Mostert,31,R.Mostert
2019,REG,2,Derrick Henry,RB,TEN,3.48097561,20,2.935133333,15,82,81.47187546,0.52812454,5.466666667,0.035208303,0.4,1,00-0032764,Derrick,Henry,22,D.Henry
2019,REG,2,Josh Jacobs,RB,LV,2.587777778,0,2.507833333,12,99,46.43013923,52.56986077,8.25,4.380821731,0.5,0,00-0035700,Joshua,Jacobs,28,J.Jacobs
2019,REG,2,Chris Carson,RB,SEA,3.935666667,0,2.582733333,15,60,63.40597608,-3.405976081,4,-0.227065072,0.333333333,0,00-0033594,Christopher,Carson,32,C.Carson
2019,REG,2,Royce Freeman,RB,DEN,3.638333333,0,2.761909091,11,54,51.37684296,2.623157044,4.909090909,0.238468822,0.363636364,0,00-0034838,Royce,Freeman,28,R.Freeman
2019,REG,2,Dalvin Cook,RB,MIN,3.010064935,10,2.8858,20,154,89.67060705,64.32939295,7.7,3.216469647,0.4,1,00-0033893,Dalvin,Cook,33,D.Cook
2019,REG,2,Todd Gurley,RB,LAR,5.007460317,12.5,3.172625,16,63,65.28677519,-2.286775185,3.9375,-0.142923449,0.375,1,00-0032241,Todd Gurley II,Gurley,30,T.Gurley
2019,REG,2,Joe Mixon,HB,CIN,8.651176471,0,2.981090909,11,17,44.36486061,-27.36486061,1.545454545,-2.487714601,0.090909091,0,00-0033897,Joe,Mixon,28,J.Mixon
2019,REG,2,Miles Sanders,RB,PHI,5.673571429,0,3.0443,10,28,57.39542875,-29.39542875,2.8,-2.939542875,0.2,0,00-0035243,Miles,Sanders,26,M.Sanders
2019,REG,2,Phillip Lindsay,RB,DEN,7.364722222,7.692307692,3.430923077,13,36,58.61190205,-22.61190205,2.769230769,-1.739377081,0.153846154,0,00-0034109,Phillip,Lindsay,30,P.Lindsay
2019,REG,2,David Montgomery,RB,CHI,3.898709677,11.11111111,2.751,18,62,65.00058844,-3.000588443,3.444444444,-0.166699358,0.444444444,1,00-0035685,David,Montgomery,32,D.Montgomery
2019,REG,2,Nick Chubb,RB,CLE,5.41516129,27.77777778,3.144111111,18,62,84.61870882,-22.61870882,3.444444444,-1.256594934,0.388888889,1,00-0034791,Nicholas,Chubb,24,N.Chubb
2019,REG,2,Christian McCaffrey,RB,CAR,6.866216216,18.75,3.0136875,16,37,63.24231372,-26.24231372,2.3125,-1.749487581,0.2,0,00-0033280,Christian,McCaffrey,22,C.McCaffrey
2019,REG,2,Peyton Barber,RB,TB,3.673414634,43.47826087,2.727956522,23,82,103.4821335,-21.48213349,3.565217391,-0.934005804,0.391304348,1,00-0032741,Kenneth,Barber,25,P.Barber
2019,REG,2,Jeff Wilson,RB,SF,4.455588235,80,2.6733,10,34,24.76005339,9.239946608,3.4,0.923994661,0.5,2,00-0034115,Jeffery,Wilson,30,J.Wilson
2019,REG,2,Adrian Peterson,RB,WAS,6.0588,40,2.9213,10,25,24.00934051,0.990659486,2.5,0.099065949,0.7,1,00-0025394,Adrian,Peterson,26,A.Peterson
2019,REG,2,Sony Michel,RB,NE,3.816626506,4.761904762,2.492095238,21,83,89.347504,-6.347503997,3.952380952,-0.302262095,0.476190476,1,00-0034845,Sony,Michel,26,S.Michel
2019,REG,2,Devonta Freeman,RB,ATL,6.665,27.27272727,2.601727273,11,22,49.86642275,-27.86642275,2,-2.533311159,0.181818182,0,00-0031285,Devonta,Freeman,24,D.Freeman
2019,REG,2,James Conner,RB,PIT,4.53030303,72.72727273,2.680363636,11,33,46.47638264,-13.47638264,3,-1.225125695,0.363636364,1,00-0033553,James,Conner,30,J.Conner
2019,REG,2,Aaron Jones,RB,GB,3.869224138,34.7826087,2.856608696,23,116,101.9148964,8.085103619,5.043478261,0.36750471,0.363636364,1,00-0033293,Aaron,Jones,33,A.Jones
2019,REG,2,Kerryon Johnson,RB,DET,3.892439024,8.333333333,2.843833333,12,41,47.93363247,-6.933632466,3.416666667,-0.577802705,0.333333333,0,00-0034349,Kerryon,Johnson,33,K.Johnson
2019,REG,2,Ezekiel Elliott,RB,DAL,3.032972973,43.47826087,2.471869565,23,111,89.63589731,21.36410269,4.826086957,0.92887403,0.391304348,1,00-0033045,Ezekiel,Elliott,21,E.Elliott
2019,REG,2,Austin Ekeler,RB,LAC,4.471666667,0,2.983705882,17,66,81.28203436,-15.28203436,3.882352941,-0.898943198,0.294117647,1,00-0033699,Austin,Ekeler,30,A.Ekeler
2019,REG,2,Frank Gore,RB,BUF,3.501764706,78.94736842,2.467578947,19,68,54.94678081,13.05321919,3.578947368,0.687011537,0.526315789,1,00-0023500,Frank,Gore,20,F.Gore
2019,REG,2,Matt Breida,RB,SF,2.624876033,41.66666667,2.98025,12,121,88.89489752,32.10510248,10.08333333,2.675425206,0.5,0,00-0033308,Matthew,Breida,22,M.Breida
2019,REG,3,Le'Veon Bell,RB,NYJ,6.986285714,16.66666667,2.853888889,18,35,45.3896508,-8.389650803,1.944444444,-0.493508871,0.352941176,0,00-0030496,Le'Veon,Bell,26,L.Bell
2019,REG,3,Derrick Henry,RB,TEN,7.166136364,23.52941176,3.288117647,17,44,52.16326475,-8.163264752,2.588235294,-0.480192044,0.529411765,1,00-0032764,Derrick,Henry,22,D.Henry
2019,REG,3,Frank Gore,RB,BUF,2.828947368,57.14285714,2.514,14,76,59.63550274,16.36449726,5.428571429,1.168892662,0.428571429,1,00-0023500,Frank,Gore,20,F.Gore
2019,REG,3,Devonta Freeman,RB,ATL,2.932954545,31.25,2.816125,16,88,76.71513877,11.28486123,5.5,0.705303827,0.375,0,00-0031285,Devonta,Freeman,24,D.Freeman
2019,REG,3,Jamaal Williams,RB,GB,3.907457627,8.333333333,2.731083333,12,59,53.80722727,5.192772733,4.916666667,0.432731061,0.416666667,0,00-0033948,Jamaal,Williams,30,J.Williams
2019,REG,3,Mark Ingram,RB,BAL,2.760970874,31.25,2.623875,16,103,71.18179718,31.81820282,6.4375,1.988637676,0.6875,3,00-0027966,Mark,Ingram,21,M.Ingram
2019,REG,3,Tony Pollard,RB,DAL,2.790291262,0,2.943846154,13,103,69.94726307,33.05273693,7.923076923,2.542518225,0.615384615,1,00-0035261,Tony,Pollard,20,T.Pollard
2019,REG,3,Miles Sanders,RB,PHI,4.212830189,0,2.963153846,13,53,68.95502272,-15.95502272,4.076923077,-1.22730944,0.230769231,0,00-0035243,Miles,Sanders,26,M.Sanders
2019,REG,3,Jordan Howard,RB,PHI,4.18027027,9.090909091,2.589363636,11,37,46.04407851,-9.044078513,3.363636364,-0.822188956,0.363636364,1,00-0032780,Jordan,Howard,24,J.Howard
2019,REG,3,Leonard Fournette,RB,JAX,4.203636364,40,2.853333333,15,66,40.61334541,25.38665459,4.4,1.69244364,0.133333333,0,00-0033856,Leonard,Fournette,27,L.Fournette
2019,REG,3,Kenyan Drake,RB,MIA,4.572631579,8.333333333,2.594416667,12,38,45.01291486,-7.012914861,3.166666667,-0.584409572,0.25,0,00-0033118,Kenyan,Drake,32,K.Drake
2019,REG,3,Matt Breida,RB,SF,4.411029412,0,2.724214286,14,68,80.48611884,-12.48611884,4.857142857,-0.891865631,0.285714286,0,00-0033308,Matthew,Breida,22,M.Breida
2019,REG,3,Chris Carson,RB,SEA,4.520769231,13.33333333,2.807533333,15,52,54.09222777,-2.09222777,3.466666667,-0.139481851,0.266666667,0,00-0033594,Christopher,Carson,32,C.Carson
2019,REG,3,Todd Gurley,RB,LAR,5.135581395,7.142857143,2.861428571,14,43,66.72385942,-23.72385942,3.071428571,-1.694561387,0.214285714,0,00-0032241,Todd Gurley II,Gurley,30,T.Gurley
2019,REG,3,Alvin Kamara,RB,NO,3.709275362,37.5,2.7115625,16,69,86.30734472,-17.30734472,4.3125,-1.081709045,0.3125,1,00-0033906,Alvin,Kamara,41,A.Kamara
2019,REG,3,Marlon Mack,RB,IND,4.151621622,50,3.0914375,16,74,41.95864574,32.04135426,4.625,2.002584641,0.5625,1,00-0033951,Marlon,Mack,25,M.Mack
2019,REG,3,Adrian Peterson,RB,WAS,4.301621622,16.66666667,2.740916667,12,37,51.34764829,-14.34764829,3.083333333,-1.195637357,0.416666667,0,00-0025394,Adrian,Peterson,26,A.Peterson
2019,REG,3,Kerryon Johnson,RB,DET,6.551111111,60,2.8605,20,36,50.73906768,-14.73906768,1.8,-0.736953384,0.3,1,00-0034349,Kerryon,Johnson,33,K.Johnson
2019,REG,3,Alexander Mattison,RB,MIN,3.803448276,8.333333333,2.593416667,12,58,44.76840961,13.23159039,4.833333333,1.102632532,0.333333333,1,00-0034972,Alexander,Mattison,25,A.Mattison
2019,REG,3,Raheem Mostert,RB,SF,2.798860759,0,2.3675,12,79,72.26131096,6.738689043,6.583333333,0.56155742,0.5,0,00-0031687,Dominique,Mostert,31,R.Mostert
2019,REG,3,Carlos Hyde,RB,HOU,8.089473684,0,3.1054,10,19,35.54212743,-16.54212743,1.9,-1.654212743,0.3,1,00-0031045,Carlos,Hyde,23,C.Hyde
2019,REG,3,James Conner,RB,PIT,4.083255814,7.692307692,2.687923077,13,43,50.72187922,-7.721879223,3.307692308,-0.593990709,0.461538462,0,00-0033553,James,Conner,30,J.Conner
2019,REG,3,Christian McCaffrey,RB,CAR,2.429215686,33.33333333,2.683708333,24,153,86.34960851,66.65039149,6.375,2.777099645,0.5,1,00-0033280,Christian,McCaffrey,22,C.McCaffrey
2019,REG,3,David Johnson,RB,ARI,3.948108108,0,2.682181818,11,37,40.08844755,-5.088447553,3.363636364,-0.508844755,0.3,0,00-0032187,David,Johnson,31,D.Johnson
2019,REG,3,David Montgomery,RB,CHI,3.28238806,46.15384615,2.575461538,13,67,55.03603353,11.96396647,5.153846154,0.920305113,0.307692308,0,00-0035685,David,Montgomery,32,D.Montgomery
2019,REG,3,Ezekiel Elliott,RB,DAL,2.78312,0,2.590842105,19,125,100.7891662,24.21083381,6.578947368,1.274254411,0.526315789,0,00-0033045,Ezekiel,Elliott,21,E.Elliott
2019,REG,3,Joe Mixon,HB,CIN,4.135333333,0,2.8454,15,60,58.98276761,1.017232387,4,0.067815492,0.4,0,00-0033897,Joe,Mixon,28,J.Mixon
2019,REG,3,Nick Chubb,RB,CLE,3.653541667,4.347826087,2.682565217,23,96,91.42880565,4.57119435,4.173913043,0.19874758,0.434782609,0,00-0034791,Nicholas,Chubb,24,N.Chubb
2019,REG,3,Peyton Barber,RB,TB,3.55,7.692307692,2.525538462,13,48,53.80671988,-5.806719877,3.692307692,-0.44667076,0.230769231,0,00-0032741,Kenneth,Barber,25,P.Barber
2019,REG,3,Phillip Lindsay,RB,DEN,3.752345679,0,2.756714286,21,81,89.75293399,-8.752933995,3.857142857,-0.416806381,0.333333333,2,00-0034109,Phillip,Lindsay,30,P.Lindsay
2019,REG,3,Ronald Jones,RB,TB,2.699125,35.71428571,2.334785714,14,80,71.1586812,8.841318796,5.714285714,0.631522771,0.357142857,0,00-0034816,Ronald,Jones,27,R.Jones
2019,REG,3,Aaron Jones,RB,GB,9.992631579,10,3.0315,10,19,38.87805672,-19.87805672,1.9,-1.987805672,0.4,2,00-0033293,Aaron,Jones,33,A.Jones
2019,REG,3,Royce Freeman,RB,DEN,4.812698413,6.666666667,3.013733333,15,63,67.07273286,-4.072732858,4.2,-0.271515524,0.4,0,00-0034838,Royce,Freeman,28,R.Freeman
2019,REG,3,Rex Burkhead,RB,NE,3.082553191,0,2.511909091,11,47,59.81426781,-12.81426781,4.272727273,-1.164933437,0.181818182,1,00-0030288,Michael,Burkhead,34,R.Burkhead
2019,REG,3,Dalvin Cook,RB,MIN,3.198454545,18.75,2.663375,16,110,82.21839302,27.78160698,6.875,1.736350436,0.625,1,00-0033893,Dalvin,Cook,33,D.Cook
2019,REG,3,Josh Jacobs,RB,LV,3.274318182,30,2.4645,10,44,45.53276619,-1.532766187,4.4,-0.153276619,0.5,0,00-0035700,Joshua,Jacobs,28,J.Jacobs
2019,REG,4,Nick Chubb,RB,CLE,2.982242424,10,2.9668,20,165,77.89817758,87.10182242,8.25,4.355091121,0.45,3,00-0034791,Nicholas,Chubb,24,N.Chubb
2019,REG,4,Jordan Howard,RB,PHI,2.955172414,0,2.6832,15,87,71.93587455,15.06412545,5.8,1.00427503,0.533333333,2,00-0032780,Jordan,Howard,24,J.Howard
2019,REG,4,Alvin Kamara,RB,NO,4.253333333,11.76470588,2.580705882,17,69,79.28152374,-10.28152374,4.058823529,-0.604795514,0.294117647,0,00-0033906,Alvin,Kamara,41,A.Kamara
2019,REG,4,Kerryon Johnson,RB,DET,3.66664,7.692307692,2.626884615,26,125,128.022458,-3.022457989,4.807692308,-0.116248384,0.423076923,0,00-0034349,Kerryon,Johnson,33,K.Johnson
2019,REG,4,Ronald Jones,RB,TB,4.915,42.10526316,2.666315789,19,70,62.43719127,7.562808728,3.684210526,0.398042565,0.421052632,1,00-0034816,Ronald,Jones,27,R.Jones
2019,REG,4,Aaron Jones,RB,GB,9.660952381,30.76923077,3.042615385,13,21,34.55516191,-13.55516191,1.615384615,-1.042704762,0.384615385,1,00-0033293,Aaron,Jones,33,A.Jones
2019,REG,4,James Conner,RB,PIT,3.673095238,10,2.7535,10,42,51.76491482,-9.76491482,4.2,-0.976491482,0.2,0,00-0033553,James,Conner,30,J.Conner
2019,REG,4,Derrick Henry,RB,TEN,4.0235,74.07407407,2.881777778,27,100,76.15354518,8.846454824,3.703703704,0.340248262,0.461538462,0,00-0032764,Derrick,Henry,22,D.Henry
2019,REG,4,Jaylen Samuels,RB,PIT,4.611538462,40,2.7159,10,26,23.00239523,-12.00239523,2.6,-2.000399204,0.333333333,1,00-0034331,Jaylen,Samuels,38,J.Samuels
2019,REG,4,David Johnson,RB,ARI,3.6815,9.090909091,2.666363636,11,40,52.86089619,-12.86089619,3.636363636,-1.169172381,0.272727273,0,00-0032187,David,Johnson,31,D.Johnson
2019,REG,4,Sony Michel,RB,NE,4.714603175,52.94117647,3.088647059,17,63,63.95391908,-0.953919084,3.705882353,-0.056112887,0.352941176,0,00-0034845,Sony,Michel,26,S.Michel
2019,REG,4,Adrian Peterson,RB,WAS,5.588214286,27.27272727,2.634727273,11,28,43.56443172,-15.56443172,2.545454545,-1.414948338,0.181818182,0,00-0025394,Adrian,Peterson,26,A.Peterson
2019,REG,4,Marlon Mack,RB,IND,5.171025641,18.18181818,2.832181818,11,39,33.40091605,5.599083947,3.545454545,0.509007632,0.454545455,0,00-0033951,Marlon,Mack,25,M.Mack
2019,REG,4,Frank Gore,RB,BUF,2.439633028,17.64705882,2.551705882,17,109,65.82122152,43.17877848,6.411764706,2.539928146,0.294117647,0,00-0023500,Frank,Gore,20,F.Gore
2019,REG,4,David Montgomery,RB,CHI,5.847358491,28.57142857,2.846666667,21,53,76.79369658,-23.79369658,2.523809524,-1.133033171,0.285714286,0,00-0035685,David,Montgomery,32,D.Montgomery
2019,REG,4,LeSean McCoy,RB,KC,3.391428571,0,2.512727273,11,56,47.29855937,8.701440632,5.090909091,0.791040057,0.272727273,1,00-0027029,LeSean,McCoy,25,L.McCoy
2019,REG,4,Jon Hilliman,RB,NYG,3.42030303,40,2.4049,10,33,46.34364138,-13.34364138,3.3,-1.334364138,0.1,0,00-0035013,Jonathan,Hilliman,28,J.Hilliman
2019,REG,4,Austin Ekeler,RB,LAC,5.067166667,27.77777778,3.062611111,18,60,59.25409034,0.745909658,3.333333333,0.041439425,0.444444444,1,00-0033699,Austin,Ekeler,30,A.Ekeler
2019,REG,4,Miles Sanders,RB,PHI,3.243888889,0,3.048090909,11,72,69.08078947,2.919210532,6.545454545,0.265382776,0.363636364,0,00-0035243,Miles,Sanders,26,M.Sanders
2019,REG,4,Carlos Hyde,RB,HOU,3.147068966,25,2.855166667,12,58,30.03973261,2.960267395,4.833333333,0.269115218,0.636363636,0,00-0031045,Carlos,Hyde,23,C.Hyde
2019,REG,4,Mark Ingram,RB,BAL,2.855774648,8.333333333,2.486,12,71,61.86681244,9.133187563,5.916666667,0.761098964,0.583333333,0,00-0027966,Mark,Ingram,21,M.Ingram
2019,REG,4,Troymaine Pope,RB,LAC,8.2845,40,3.2368,10,20,24.76050572,-4.760505725,2,-0.476050572,0.4,0,00-0033164,Troymaine,Pope,35,T.Pope
2019,REG,4,Dalvin Cook,RB,MIN,6.496571429,35.71428571,3.010142857,14,35,61.97967539,-26.97967539,2.5,-1.927119671,0.142857143,1,00-0033893,Dalvin,Cook,33,D.Cook
2019,REG,4,Devonta Freeman,RB,ATL,5.846071429,16.66666667,2.8215,12,28,47.911964,-19.911964,2.333333333,-1.659330333,0.25,0,00-0031285,Devonta,Freeman,24,D.Freeman
2019,REG,4,Joe Mixon,HB,CIN,3.653548387,0,2.7604,15,62,72.71119899,-10.71119899,4.133333333,-0.714079933,0.333333333,0,00-0033897,Joe,Mixon,28,J.Mixon
2019,REG,4,Christian McCaffrey,RB,CAR,4.537204301,14.81481481,2.765555556,27,93,116.4939432,-23.49394316,3.444444444,-0.870146043,0.296296296,1,00-0033280,Christian,McCaffrey,22,C.McCaffrey
2019,REG,4,Chris Carson,RB,SEA,3.995865385,31.81818182,2.9425,22,104,90.56164278,13.43835722,4.727272727,0.610834419,0.590909091,0,00-0033594,Christopher,Carson,32,C.Carson
2019,REG,4,Wayne Gallman,RB,NYG,3.766190476,44.44444444,2.518722222,18,63,83.60231369,-20.60231369,3.5,-1.144572983,0.388888889,1,00-0033950,Wayne,Gallman,22,W.Gallman Jr
2019,REG,4,Leonard Fournette,RB,JAX,2.574444444,24.13793103,2.709172414,29,225,120.6121166,103.3878834,7.75862069,3.692424408,0.464285714,0,00-0033856,Leonard,Fournette,27,L.Fournette
2019,REG,4,Josh Jacobs,RB,LV,3.743417722,0,2.761823529,17,79,65.88920515,13.11079485,4.647058824,0.771223226,0.352941176,0,00-0035700,Joshua,Jacobs,28,J.Jacobs
2019,REG,4,Ezekiel Elliott,RB,DAL,6.339714286,11.11111111,2.6905,18,35,52.88611785,-17.88611785,1.944444444,-0.993673214,0.222222222,1,00-0033045,Ezekiel,Elliott,21,E.Elliott
2019,REG,5,Dalvin Cook,RB,MIN,3.668636364,19.04761905,3.236190476,21,132,97.92731123,34.07268877,6.285714286,1.622508989,0.285714286,0,00-0033893,Dalvin,Cook,33,D.Cook
2019,REG,5,Jordan Howard,RB,PHI,3.183225806,15.38461538,2.983153846,13,62,64.23037963,-2.230379631,4.769230769,-0.171567664,0.461538462,1,00-0032780,Jordan,Howard,24,J.Howard
2019,REG,5,Marlon Mack,RB,IND,3.516666667,6.896551724,2.963034483,29,132,119.8734149,12.12658508,4.551724138,0.418158106,0.413793103,0,00-0033951,Marlon,Mack,25,M.Mack
2019,REG,5,James Conner,RB,PIT,3.45,7.142857143,2.647857143,14,55,44.4085633,10.5914367,3.928571429,0.756531193,0.5,1,00-0033553,James,Conner,30,J.Conner
2019,REG,5,Josh Jacobs,RB,LV,3.523821138,19.23076923,2.363692308,26,123,108.3103244,14.68967564,4.730769231,0.564987525,0.461538462,2,00-0035700,Joshua,Jacobs,28,J.Jacobs
2019,REG,5,Le'Veon Bell,RB,NYJ,4.761860465,66.66666667,3.133133333,15,43,39.67862228,3.321377719,2.866666667,0.221425181,0.333333333,0,00-0030496,Le'Veon,Bell,26,L.Bell
2019,REG,5,Alvin Kamara,RB,NO,4.903870968,6.25,3.0929375,16,62,55.86385083,3.136149172,3.875,0.209076611,0.333333333,0,00-0033906,Alvin,Kamara,41,A.Kamara
2019,REG,5,Devonta Freeman,RB,ATL,6.132333333,0,3.082727273,11,30,44.21976292,-14.21976292,2.727272727,-1.29270572,0.090909091,0,00-0031285,Devonta,Freeman,24,D.Freeman
2019,REG,5,Royce Freeman,RB,DEN,3.495737705,0,2.703538462,13,61,61.93606186,-0.936061861,4.692307692,-0.072004759,0.384615385,0,00-0034838,Royce,Freeman,28,R.Freeman
2019,REG,5,Nick Chubb,RB,CLE,3.112298851,12.5,2.7860625,16,87,73.71122169,13.28877831,5.4375,0.830548644,0.375,0,00-0034791,Nicholas,Chubb,24,N.Chubb
2019,REG,5,Melvin Gordon,RB,LAC,5.265483871,8.333333333,2.816416667,12,31,54.54701669,-23.54701669,2.583333333,-1.96225139,0.166666667,0,00-0032144,Melvin,Gordon,25,M.Gordon
2019,REG,5,Chris Carson,RB,SEA,3.915084746,37.03703704,2.957148148,27,118,101.8819684,16.11803156,4.37037037,0.596964132,0.481481481,0,00-0033594,Christopher,Carson,32,C.Carson
2019,REG,5,Todd Gurley,RB,LAR,4.502156863,20,2.9382,15,51,65.4081469,-14.4081469,3.4,-0.960543127,0.4,2,00-0032241,Todd Gurley II,Gurley,30,T.Gurley
2019,REG,5,Frank Gore,RB,BUF,3.436,42.85714286,2.524357143,14,60,71.7249381,-11.7249381,4.285714286,-0.837495579,0.428571429,0,00-0023500,Frank,Gore,20,F.Gore
2019,REG,5,Carlos Hyde,RB,HOU,4.655666667,47.61904762,2.497857143,21,60,66.22982891,-6.229828914,2.857142857,-0.29665852,0.428571429,1,00-0031045,Carlos,Hyde,23,C.Hyde
2019,REG,5,Joe Mixon,HB,CIN,3.014408602,15.78947368,2.586526316,19,93,91.64582779,1.354172207,4.894736842,0.071272221,0.421052632,0,00-0033897,Joe,Mixon,28,J.Mixon
2019,REG,5,Derrick Henry,RB,TEN,4.235128205,30,2.56575,20,78,64.92936407,12.07063593,3.9,0.670590885,0.333333333,1,00-0032764,Derrick,Henry,22,D.Henry
2019,REG,5,Matt Breida,RB,SF,2.556491228,45.45454545,3.226545455,11,114,50.90714391,63.09285609,10.36363636,5.73571419,0.363636364,1,00-0033308,Matthew,Breida,22,M.Breida
2019,REG,5,Mark Ingram,RB,BAL,5.886818182,15.78947368,3.077105263,19,44,73.60419576,-33.60419576,2.315789474,-1.866899764,0.111111111,1,00-0027966,Mark,Ingram,21,M.Ingram
2019,REG,5,Tevin Coleman,RB,SF,3.389896907,37.5,2.8149375,16,97,66.7686305,30.2313695,6.0625,1.889460594,0.6875,1,00-0032058,Tevin,Coleman,26,T.Coleman
2019,REG,5,Ezekiel Elliott,RB,DAL,3.337580645,16.66666667,2.829166667,12,62,39.97563519,22.02436481,5.166666667,1.835363734,0.666666667,1,00-0033045,Ezekiel,Elliott,21,E.Elliott
2019,REG,5,Phillip Lindsay,RB,DEN,2.775175439,0,2.918866667,15,114,76.18772975,37.81227025,7.6,2.520818016,0.466666667,1,00-0034109,Phillip,Lindsay,30,P.Lindsay
2019,REG,5,Sony Michel,RB,NE,3.027802198,68.75,2.44925,16,91,82.86962862,8.130371382,5.6875,0.508148211,0.375,1,00-0034845,Sony,Michel,26,S.Michel
2019,REG,5,Leonard Fournette,RB,JAX,3.352037037,56.52173913,2.763478261,23,108,109.9154431,-1.915443095,4.695652174,-0.083280135,0.217391304,1,00-0033856,Leonard,Fournette,27,L.Fournette
2019,REG,5,David Montgomery,RB,CHI,5.0656,27.27272727,2.474818182,11,25,36.09983879,-11.09983879,2.272727273,-1.009076253,0.363636364,1,00-0035685,David,Montgomery,32,D.Montgomery
2019,REG,5,Aaron Jones,RB,GB,3.82635514,31.57894737,3.074631579,19,107,71.21331574,20.78668426,5.631578947,1.154815792,0.611111111,4,00-0033293,Aaron,Jones,33,A.Jones
2019,REG,5,Christian McCaffrey,RB,CAR,2.254204545,10.52631579,2.424473684,19,176,68.67237102,107.327629,9.263157895,5.648822578,0.578947368,2,00-0033280,Christian,McCaffrey,22,C.McCaffrey
2019,REG,5,David Johnson,RB,ARI,3.686483516,0,2.903823529,17,91,96.18835258,-5.188352584,5.352941176,-0.305197211,0.294117647,0,00-0032187,David,Johnson,31,D.Johnson
2019,REG,6,Chris Carson,RB,SEA,3.543387097,33.33333333,3.012291667,24,124,82.59018153,41.40981847,5.166666667,1.725409103,0.5,1,00-0033594,Christopher,Carson,32,C.Carson
2019,REG,6,Nick Chubb,RB,CLE,3.105081967,35,3.2149,20,122,67.8780358,54.1219642,6.1,2.70609821,0.45,2,00-0034791,Nicholas,Chubb,24,N.Chubb
2019,REG,6,Mark Ingram,RB,BAL,3.853076923,15.38461538,2.557076923,13,52,51.40037855,-0.400378545,4,-0.033364879,0.333333333,1,00-0027966,Mark,Ingram,21,M.Ingram
2019,REG,6,Kenyan Drake,RB,MIA,4.34875,30,2.7443,10,40,51.74177726,-11.74177726,4,-1.174177726,0.5,0,00-0033118,Kenyan,Drake,32,K.Drake
2019,REG,6,Alexander Mattison,RB,MIN,4.238888889,85.71428571,2.5675,14,63,35.92224725,27.07775275,4.5,1.934125196,0.5,0,00-0034972,Alexander,Mattison,25,A.Mattison
2019,REG,6,Kerryon Johnson,RB,DET,4.820588235,23.07692308,2.651692308,13,34,46.9050246,-12.9050246,2.615384615,-0.9926942,0.384615385,1,00-0034349,Kerryon,Johnson,33,K.Johnson
2019,REG,6,Devonta Freeman,RB,ATL,3.736818182,31.57894737,2.738315789,19,88,117.7942918,-29.79429183,4.631578947,-1.568120623,0.263157895,0,00-0031285,Devonta,Freeman,24,D.Freeman
2019,REG,6,Ezekiel Elliott,RB,DAL,4.097904762,3.571428571,2.863142857,28,105,128.1119543,-23.11195425,3.75,-0.825426938,0.535714286,1,00-0033045,Ezekiel,Elliott,21,E.Elliott
2019,REG,6,Malcolm Brown,RB,LAR,4.1265,27.27272727,2.603363636,11,40,35.35951609,4.64048391,3.636363636,0.421862174,0.454545455,0,00-0031806,Malcolm,Brown,34,M.Brown
2019,REG,6,Dalvin Cook,RB,MIN,6.321707317,37.5,2.675625,16,41,55.3042246,-14.3042246,2.5625,-0.894014038,0.4375,1,00-0033893,Dalvin,Cook,33,D.Cook
2019,REG,6,Aaron Jones,RB,GB,3.977234043,9.090909091,2.482636364,11,47,62.72992149,-15.72992149,4.272727273,-1.429992863,0.181818182,0,00-0033293,Aaron,Jones,33,A.Jones
2019,REG,6,Carlos Hyde,RB,HOU,3.445603448,7.692307692,2.608115385,26,116,111.156706,4.843294043,4.461538462,0.18628054,0.269230769,1,00-0031045,Carlos,Hyde,23,C.Hyde
2019,REG,6,Jordan Howard,RB,PHI,3.858571429,0,2.654538462,13,49,57.57015088,-8.570150877,3.769230769,-0.659242375,0.461538462,0,00-0032780,Jordan,Howard,24,J.Howard
2019,REG,6,Phillip Lindsay,RB,DEN,3.668,33.33333333,2.644933333,15,70,51.72217171,18.27782829,4.666666667,1.218521886,0.4,1,00-0034109,Phillip,Lindsay,30,P.Lindsay
2019,REG,6,Jamaal Williams,RB,GB,2.327980769,7.142857143,2.337357143,14,104,66.39785582,37.60214418,7.428571429,2.685867441,0.642857143,0,00-0033948,Jamaal,Williams,30,J.Williams
2019,REG,6,Matt Breida,RB,SF,6.843611111,15.38461538,2.916230769,13,36,49.15741703,-13.15741703,2.769230769,-1.012109003,0.461538462,0,00-0033308,Matthew,Breida,22,M.Breida
2019,REG,6,Sony Michel,RB,NE,4.087674419,18.18181818,2.915454545,22,86,90.64585663,-4.645856632,3.909090909,-0.211175301,0.318181818,0,00-0034845,Sony,Michel,26,S.Michel
2019,REG,6,Derrick Henry,RB,TEN,7.92,20,3.001285714,15,28,50.29459531,-22.29459531,1.866666667,-1.486306354,0.266666667,0,00-0032764,Derrick,Henry,22,D.Henry
2019,REG,6,Jon Hilliman,RB,NYG,3.536578947,36.36363636,2.614636364,11,38,48.15318762,-10.15318762,3.454545455,-0.923017056,0.272727273,0,00-0035013,Jonathan,Hilliman,28,J.Hilliman
2019,REG,6,Christian McCaffrey,RB,CAR,9.768709677,13.63636364,2.761136364,22,31,70.84930586,-39.84930586,1.409090909,-1.811332085,0.272727273,1,00-0033280,Christian,McCaffrey,22,C.McCaffrey
2019,REG,6,Leonard Fournette,RB,JAX,4.173055556,25,2.538,20,72,84.2906521,-12.2906521,3.6,-0.614532605,0.2,0,00-0033856,Leonard,Fournette,27,L.Fournette
2019,REG,6,Adrian Peterson,RB,WAS,3.393389831,21.73913043,2.728043478,23,118,95.82503768,22.17496232,5.130434783,0.964128796,0.434782609,0,00-0025394,Adrian,Peterson,26,A.Peterson
2019,REG,6,Tevin Coleman,RB,SF,5.788,44.44444444,2.695777778,18,45,55.80185328,-10.80185328,2.5,-0.60010296,0.388888889,1,00-0032058,Tevin,Coleman,26,T.Coleman
2019,REG,6,James Conner,RB,PIT,6.723170732,6.25,3.1590625,16,41,55.55625007,-14.55625007,2.5625,-0.909765629,0.125,1,00-0033553,James,Conner,30,J.Conner
2019,REG,6,Royce Freeman,RB,DEN,5.663235294,36.36363636,3.367636364,11,34,45.56407358,-11.56407358,3.090909091,-1.051279417,0.181818182,0,00-0034838,Royce,Freeman,28,R.Freeman
2019,REG,6,Alvin Kamara,RB,NO,5.232903226,9.090909091,2.767727273,11,31,51.66830932,-20.66830932,2.818181818,-1.878937211,0.272727273,0,00-0033906,Alvin,Kamara,41,A.Kamara
2019,REG,6,David Johnson,RB,ARI,4.827941176,33.33333333,3.033333333,12,34,41.09967463,-7.099674625,2.833333333,-0.591639552,0.166666667,1,00-0032187,David,Johnson,31,D.Johnson
2019,REG,6,Benny Snell,RB,PIT,3.428666667,0,2.558235294,17,75,70.71714253,4.282857466,4.411764706,0.251932792,0.411764706,0,00-0035217,Benny,Snell,24,B.Snell
2019,REG,6,Le'Veon Bell,RB,NYJ,4.048,21.42857143,2.858428571,14,50,45.22548968,4.774510322,3.571428571,0.341036452,0.5,1,00-0030496,Le'Veon,Bell,26,L.Bell
2019,REG,7,Sony Michel,RB,NE,5.67047619,47.36842105,2.690631579,19,42,57.98619206,-15.98619206,2.210526316,-0.841378529,0.421052632,3,00-0034845,Sony,Michel,26,S.Michel
2019,REG,7,Darrell Henderson,RB,LAR,6.302258065,72.72727273,3.332181818,11,31,37.16737427,-6.16737427,2.818181818,-0.560670388,0.363636364,0,00-0035664,Darrell,Henderson,27,D.Henderson
2019,REG,7,Carlos Hyde,RB,HOU,5.605142857,0,3.189416667,12,35,32.43810448,2.56189552,2.916666667,0.213491293,0.5,0,00-0031045,Carlos,Hyde,23,C.Hyde
2019,REG,7,Ty Johnson,RB,DET,5.204827586,20,2.5853,10,29,41.87581337,-12.87581337,2.9,-1.287581337,0.2,0,00-0035537,Ty,Johnson,31,T.Johnson
2019,REG,7,Le'Veon Bell,RB,NYJ,3.330285714,6.666666667,2.8506,15,70,63.25049882,6.749501177,4.666666667,0.449966745,0.4,0,00-0030496,Le'Veon,Bell,26,L.Bell
2019,REG,7,Josh Jacobs,RB,LV,3.154274194,19.04761905,2.703857143,21,124,78.89244154,45.10755846,5.904761905,2.147978974,0.380952381,0,00-0035700,Joshua,Jacobs,28,J.Jacobs
2019,REG,7,Joe Mixon,HB,CIN,72.185,20,3.4237,10,2,31.32530346,-29.32530346,0.2,-2.932530346,0.1,0,00-0033897,Joe,Mixon,28,J.Mixon
2019,REG,7,Leonard Fournette,RB,JAX,3.829465649,62.06896552,2.754068966,29,131,106.3732635,24.62673653,4.517241379,0.849197811,0.413793103,0,00-0033856,Leonard,Fournette,27,L.Fournette
2019,REG,7,Royce Freeman,RB,DEN,4.113714286,20,2.8046,10,35,41.15792418,-6.157924183,3.5,-0.615792418,0.3,1,00-0034838,Royce,Freeman,28,R.Freeman
2019,REG,7,Latavius Murray,RB,NO,3.806554622,22.22222222,2.734407407,27,119,112.4220337,6.577966326,4.407407407,0.243628382,0.407407407,2,00-0030513,Latavius,Murray,28,L.Murray
2019,REG,7,Saquon Barkley,RB,NYG,4.328888889,22.22222222,2.950277778,18,72,64.31666443,7.683335572,4,0.426851976,0.333333333,1,00-0034844,Saquon,Barkley,26,S.Barkley
2019,REG,7,Mark Walton,HB,MIA,3.11030303,21.42857143,2.663714286,14,66,51.5876341,14.4123659,4.714285714,1.029454707,0.5,0,00-0034679,Mark,Walton,22,M.Walton
2019,REG,7,Jordan Howard,RB,PHI,3.2726,27.27272727,2.902090909,11,50,40.77234487,9.227655133,4.545454545,0.838877739,0.545454545,0,00-0032780,Jordan,Howard,24,J.Howard
2019,REG,7,Derrick Henry,RB,TEN,3.899444444,0,2.799409091,22,90,86.09938873,3.900611272,4.090909091,0.177300512,0.5,1,00-0032764,Derrick,Henry,22,D.Henry
2019,REG,7,LeSean McCoy,RB,KC,3.1471875,8.333333333,2.913166667,12,64,50.867796,13.132204,5.333333333,1.094350333,0.333333333,0,00-0027029,LeSean,McCoy,25,L.McCoy
2019,REG,7,Frank Gore,RB,BUF,3.276,0,2.425818182,11,55,65.81957384,-10.81957384,5,-0.983597622,0.272727273,0,00-0023500,Frank,Gore,20,F.Gore
2019,REG,7,Mark Ingram,RB,BAL,4.413478261,8.333333333,2.869083333,12,46,49.39302918,-6.393029177,3.833333333,-0.581184471,0.363636364,0,00-0027966,Mark,Ingram,21,M.Ingram
2019,REG,7,Marlon Mack,RB,IND,5.951818182,27.77777778,3.116833333,18,44,92.6453803,-48.6453803,2.444444444,-2.702521128,0.111111111,0,00-0033951,Marlon,Mack,25,M.Mack
2019,REG,7,Ezekiel Elliott,RB,DAL,3.371171171,27.27272727,2.943363636,22,111,73.01133166,37.98866834,5.045454545,1.726757652,0.681818182,1,00-0033045,Ezekiel,Elliott,21,E.Elliott
2019,REG,7,Tevin Coleman,RB,SF,5.253225806,25,3.03905,20,62,89.73222894,-27.73222894,3.1,-1.386611447,0.3,0,00-0032058,Tevin,Coleman,26,T.Coleman
2019,REG,7,Phillip Lindsay,RB,DEN,5.693333333,18.18181818,3.142818182,11,36,53.64461728,-17.64461728,3.272727273,-1.604056116,0.181818182,0,00-0034109,Phillip,Lindsay,30,P.Lindsay
2019,REG,7,Todd Gurley,RB,LAR,6.656585366,61.11111111,3.204277778,18,41,63.61979783,-22.61979783,2.277777778,-1.256655435,0.388888889,0,00-0032241,Todd Gurley II,Gurley,30,T.Gurley
2019,REG,7,Adrian Peterson,RB,WAS,3.793703704,35,2.66785,20,81,82.14373922,-1.143739215,4.05,-0.057186961,0.45,0,00-0025394,Adrian,Peterson,26,A.Peterson
2019,REG,7,Aaron Jones,RB,GB,4.153,8.333333333,2.721416667,12,50,52.69483244,-2.694832438,4.166666667,-0.22456937,0.333333333,0,00-0033293,Aaron,Jones,33,A.Jones
2019,REG,7,Chris Carson,RB,SEA,5.327076923,14.28571429,2.86347619,21,65,82.65808128,-17.65808128,3.095238095,-0.840861013,0.333333333,0,00-0033594,Christopher,Carson,32,C.Carson
2019,REG,7,Dalvin Cook,RB,MIN,3.804929577,16,3.09132,25,142,106.7010067,35.29899327,5.68,1.411959731,0.48,2,00-0033893,Dalvin,Cook,33,D.Cook
2019,REG,7,Melvin Gordon,RB,LAC,6.9340625,25,2.8280625,16,32,42.95618084,-10.95618084,2,-0.684761303,0.3125,0,00-0032144,Melvin,Gordon,25,M.Gordon
2019,REG,7,Chase Edmonds,RB,ARI,4.603174603,0,3.487407407,27,126,105.1209853,20.87901465,4.666666667,0.773296839,0.481481481,3,00-0034681,Chase,Edmonds,29,C.Edmonds
2019,REG,8,Josh Jacobs,RB,LV,4.123030303,6.666666667,2.650333333,15,66,51.67285742,14.32714258,4.4,0.955142839,0.466666667,0,00-0035700,Joshua,Jacobs,28,J.Jacobs
2019,REG,8,James Conner,RB,PIT,3.073862069,0,2.825782609,23,145,137.2666619,7.733338129,6.304347826,0.336232093,0.52173913,1,00-0033553,James,Conner,30,J.Conner
2019,REG,8,Royce Freeman,RB,DEN,4.3545,50,2.965083333,12,40,47.06940458,-7.06940458,3.333333333,-0.589117048,0.333333333,1,00-0034838,Royce,Freeman,28,R.Freeman
2019,REG,8,Derrick Henry,RB,TEN,4.087866667,31.25,3.0726875,16,75,52.90515834,22.09484166,4.6875,1.380927604,0.25,0,00-0032764,Derrick,Henry,22,D.Henry
2019,REG,8,Matt Breida,RB,SF,5.877142857,27.27272727,3.490818182,11,35,43.05241755,-8.052417546,3.181818182,-0.732037959,0.181818182,0,00-0033308,Matthew,Breida,22,M.Breida
2019,REG,8,Leonard Fournette,RB,JAX,4.375263158,36.84210526,3.203842105,19,76,43.08249384,32.91750616,4,1.732500324,0.263157895,0,00-0033856,Leonard,Fournette,27,L.Fournette
2019,REG,8,Adrian Peterson,RB,WAS,3.131710526,28.57142857,2.8955,14,76,52.87537735,23.12462265,5.428571429,1.651758761,0.428571429,0,00-0025394,Adrian,Peterson,26,A.Peterson
2019,REG,8,Alexander Mattison,RB,MIN,3.673606557,46.15384615,2.404307692,13,61,53.05983253,7.940167472,4.692307692,0.610782113,0.307692308,0,00-0034972,Alexander,Mattison,25,A.Mattison
2019,REG,8,David Montgomery,RB,CHI,3.103185185,3.703703704,2.598851852,27,135,99.20490399,35.79509601,5,1.325744297,0.407407407,1,00-0035685,David,Montgomery,32,D.Montgomery
2019,REG,8,Ronald Jones,RB,TB,4.203714286,18.18181818,2.739454545,11,35,43.01651383,-8.016513828,3.181818182,-0.728773984,0.272727273,0,00-0034816,Ronald,Jones,27,R.Jones
2019,REG,8,Peyton Barber,RB,TB,5.4705,10,2.6919,10,20,28.97951885,-8.979518854,2,-0.897951885,0.2,0,00-0032741,Kenneth,Barber,25,P.Barber
2019,REG,8,Sony Michel,RB,NE,5.329459459,28.57142857,3.336238095,21,74,81.21294332,-7.212943317,3.523809524,-0.343473491,0.428571429,0,00-0034845,Sony,Michel,26,S.Michel
2019,REG,8,Devonta Freeman,RB,ATL,6.135384615,0,3.001923077,13,39,66.26798957,-27.26798957,3,-2.09753766,0.230769231,0,00-0031285,Devonta,Freeman,24,D.Freeman
2019,REG,8,Darrell Henderson,RB,LAR,4.12122449,0,3.076545455,11,49,37.51182137,11.48817863,4.454545455,1.044379875,0.454545455,0,00-0035664,Darrell,Henderson,27,D.Henderson
2019,REG,8,Saquon Barkley,RB,NYG,5.1596875,5.263157895,3.168631579,19,64,84.4838724,-20.4838724,3.368421053,-1.078098548,0.315789474,0,00-0034844,Saquon,Barkley,26,S.Barkley
2019,REG,8,Mark Walton,HB,MIA,3.719714286,0,2.542454545,11,35,41.87058045,-6.870580453,3.181818182,-0.624598223,0.363636364,0,00-0034679,Mark,Walton,22,M.Walton
2019,REG,8,Aaron Jones,RB,GB,3.30761194,7.692307692,2.495923077,13,67,58.62651079,8.373489209,5.153846154,0.644114555,0.615384615,0,00-0033293,Aaron,Jones,33,A.Jones
2019,REG,8,Latavius Murray,RB,NO,3.100588235,57.14285714,2.724761905,21,102,115.7089144,-13.70891444,4.857142857,-0.652805449,0.285714286,1,00-0030513,Latavius,Murray,28,L.Murray
2019,REG,8,Carlos Hyde,RB,HOU,3.867108434,5.263157895,2.836631579,19,83,74.49141368,8.508586321,4.368421053,0.447820333,0.421052632,0,00-0031045,Carlos,Hyde,23,C.Hyde
2019,REG,8,Tra Carson,RB,DET,4.619705882,8.333333333,3.02825,12,34,45.66625749,-11.66625749,2.833333333,-0.972188124,0.333333333,0,00-0032540,Latravion,Carson,34,T.Carson
2019,REG,8,Chris Carson,RB,SEA,3.727222222,30,2.9113,20,90,75.66039286,14.33960714,4.5,0.716980357,0.65,1,00-0033594,Christopher,Carson,32,C.Carson
2019,REG,8,Dalvin Cook,RB,MIN,4.376326531,26.08695652,2.788043478,23,98,106.2812266,-8.281226581,4.260869565,-0.36005333,0.391304348,1,00-0033893,Dalvin,Cook,33,D.Cook
2019,REG,8,Marlon Mack,RB,IND,3.970526316,5.263157895,2.984631579,19,76,92.59024887,-16.59024887,4,-0.873170993,0.368421053,1,00-0033951,Marlon,Mack,25,M.Mack
2019,REG,8,Todd Gurley,RB,LAR,4.574545455,0,3.0432,10,44,48.10020318,-4.10020318,4.4,-0.410020318,0.4,1,00-0032241,Todd Gurley II,Gurley,30,T.Gurley
2019,REG,8,Phillip Lindsay,RB,DEN,4.257118644,28.57142857,3.093714286,14,59,68.9844422,-9.984442197,4.214285714,-0.713174443,0.428571429,0,00-0034109,Phillip,Lindsay,30,P.Lindsay
2019,REG,8,Jordan Howard,RB,PHI,3.7290625,43.47826087,3.216086957,23,96,98.1135881,-2.113588097,4.173913043,-0.091895135,0.434782609,1,00-0032780,Jordan,Howard,24,J.Howard
2019,REG,8,Christian McCaffrey,RB,CAR,2.801111111,21.42857143,3.137214286,14,117,79.5475718,37.4524282,8.357142857,2.675173443,0.428571429,1,00-0033280,Christian,McCaffrey,22,C.McCaffrey
2019,REG,8,Nick Chubb,RB,CLE,3.211832061,10,3.0631,20,131,86.50761909,44.49238091,6.55,2.224619046,0.55,0,00-0034791,Nicholas,Chubb,24,N.Chubb
2019,REG,8,Tevin Coleman,RB,SF,2.216952381,63.63636364,2.873909091,11,105,56.65341441,48.34658559,9.545454545,4.395144144,0.454545455,3,00-0032058,Tevin,Coleman,26,T.Coleman
2019,REG,8,Joe Mixon,HB,CIN,3.725606061,5.882352941,2.366882353,17,66,66.98775792,-0.98775792,3.882352941,-0.058103407,0.294117647,0,00-0033897,Joe,Mixon,28,J.Mixon
2019,REG,9,Damien Williams,RB,KC,2.21936,0,2.690083333,12,125,43.15772986,81.84227014,10.41666667,6.820189178,0.416666667,1,00-0030874,Damien,Williams,26,Dam.Williams
2019,REG,9,Derrick Henry,RB,TEN,3.20984127,53.84615385,2.616076923,13,63,56.6910473,6.308952704,4.846153846,0.485304054,0.538461538,1,00-0032764,Derrick,Henry,22,D.Henry
2019,REG,9,Dalvin Cook,RB,MIN,5.648873239,0,2.950285714,21,71,85.48871865,-14.48871865,3.380952381,-0.689938983,0.333333333,0,00-0033893,Dalvin,Cook,33,D.Cook
2019,REG,9,Nick Chubb,RB,CLE,4.777538462,0,2.96935,20,65,79.49401737,-14.49401737,3.25,-0.724700868,0.45,0,00-0034791,Nicholas,Chubb,24,N.Chubb
2019,REG,9,Christian McCaffrey,RB,CAR,3.087534247,25,2.720041667,24,146,87.80905734,58.19094266,6.083333333,2.424622611,0.375,2,00-0033280,Christian,McCaffrey,22,C.McCaffrey
2019,REG,9,Chris Carson,RB,SEA,3.228666667,18.75,2.7536875,16,105,68.1778151,36.8221849,6.5625,2.301386556,0.3125,0,00-0033594,Christopher,Carson,32,C.Carson
2019,REG,9,Carlos Hyde,RB,HOU,2.457875,0,2.926052632,19,160,97.01151543,55.98848457,8.421052632,3.110471365,0.444444444,0,00-0031045,Carlos,Hyde,23,C.Hyde
2019,REG,9,Mark Ingram,RB,BAL,2.563043478,53.33333333,2.525533333,15,115,85.54868608,29.45131392,7.666666667,1.963420928,0.333333333,0,00-0027966,Mark,Ingram,21,M.Ingram
2019,REG,9,Le'Veon Bell,RB,NYJ,3.596060606,0,2.515,17,66,77.71369238,-11.71369238,3.882352941,-0.689040728,0.352941176,0,00-0030496,Le'Veon,Bell,26,L.Bell
2019,REG,9,Mark Walton,HB,MIA,5.509655172,25,2.537166667,12,29,48.6710103,-19.6710103,2.416666667,-1.639250858,0.333333333,0,00-0034679,Mark,Walton,22,M.Walton
2019,REG,9,Frank Gore,RB,BUF,7.976,45.45454545,2.407818182,11,15,32.71434003,-17.71434003,1.363636364,-1.610394549,0.090909091,0,00-0023500,Frank,Gore,20,F.Gore
2019,REG,9,Matt Breida,RB,SF,3.825769231,33.33333333,3.003333333,15,78,82.06651049,-4.066510485,5.2,-0.271100699,0.4,0,00-0033308,Matthew,Breida,22,M.Breida
2019,REG,9,Marlon Mack,RB,IND,3.934831461,4.761904762,2.889952381,21,89,81.58265091,7.417349095,4.238095238,0.3532071,0.428571429,0,00-0033951,Marlon,Mack,25,M.Mack
2019,REG,9,Josh Jacobs,RB,LV,3.797416667,21.42857143,2.848178571,28,120,123.8903342,-3.890334206,4.285714286,-0.138940507,0.285714286,2,00-0035700,Joshua,Jacobs,28,J.Jacobs
2019,REG,9,Miles Sanders,RB,PHI,3.944047619,20,2.8721,10,42,39.8702162,2.129783799,4.2,0.21297838,0.5,0,00-0035243,Miles,Sanders,26,M.Sanders
2019,REG,9,Ezekiel Elliott,RB,DAL,3.030215827,17.39130435,3.088173913,23,139,111.4688869,27.5311131,6.043478261,1.197004917,0.695652174,0,00-0033045,Ezekiel,Elliott,21,E.Elliott
2019,REG,9,David Montgomery,RB,CHI,4.9445,78.57142857,2.654642857,14,40,50.86362738,-10.86362738,2.857142857,-0.775973385,0.357142857,2,00-0035685,David,Montgomery,32,D.Montgomery
2019,REG,9,Jordan Howard,RB,PHI,3.812073171,21.05263158,2.766315789,19,82,78.00997781,3.990022194,4.315789474,0.210001168,0.368421053,1,00-0032780,Jordan,Howard,24,J.Howard
2019,REG,9,Leonard Fournette,RB,JAX,4.55325,0,2.502181818,11,40,44.09756576,-4.097565761,3.636363636,-0.372505978,0.363636364,0,00-0033856,Leonard,Fournette,27,L.Fournette
2019,REG,9,Adrian Peterson,RB,WAS,3.395833333,50,3.250611111,18,108,58.29219189,49.70780811,6,2.761544895,0.388888889,0,00-0025394,Adrian,Peterson,26,A.Peterson
2019,REG,9,Trey Edmunds,RB,PIT,2.649178082,58.33333333,3.009666667,12,73,56.43966916,16.56033084,6.083333333,1.38002757,0.416666667,0,00-0033838,Ferrell,Edmunds,33,T.Edmunds
2019,REG,9,Devin Singletary,RB,BUF,3.880421053,0,2.989,20,95,86.98329862,8.016701383,4.75,0.400835069,0.5,1,00-0035250,Devin,Singletary,26,D.Singletary
2019,REG,9,Austin Ekeler,RB,LAC,2.940285714,8.333333333,2.692916667,12,70,54.21241205,15.78758795,5.833333333,1.315632329,0.5,0,00-0033699,Austin,Ekeler,30,A.Ekeler
2019,REG,9,Tevin Coleman,RB,SF,9.313478261,41.66666667,3.360333333,12,23,25.58489322,-2.584893221,1.916666667,-0.215407768,0.25,0,00-0032058,Tevin,Coleman,26,T.Coleman
2019,REG,9,Saquon Barkley,RB,NYG,6.343214286,21.42857143,2.665,14,28,49.88468347,-21.88468347,2,-1.563191676,0.214285714,0,00-0034844,Saquon,Barkley,26,S.Barkley
2019,REG,9,Melvin Gordon,RB,LAC,3.512375,10,2.5477,20,80,71.91737455,8.082625455,4,0.404131273,0.45,2,00-0032144,Melvin,Gordon,25,M.Gordon
2019,REG,9,Kenyan Drake,RB,ARI,2.530818182,0,2.705,15,110,75.03013654,34.96986346,7.333333333,2.331324231,0.533333333,1,00-0033118,Kenyan,Drake,41,K.Drake
2019,REG,9,Ronald Jones,RB,TB,4.334776119,55.55555556,3.206666667,18,67,59.86832403,7.131675966,3.722222222,0.39620422,0.388888889,1,00-0034816,Ronald,Jones,27,R.Jones
2019,REG,10,Melvin Gordon,RB,LAC,3.187962963,9.090909091,2.642409091,22,108,98.63858244,9.361417565,4.909090909,0.42551898,0.318181818,1,00-0032144,Melvin,Gordon,25,M.Gordon
2019,REG,10,Brian Hill,HB,ATL,4.596557377,35,2.8706,20,61,84.03227516,-23.03227516,3.05,-1.151613758,0.4,0,00-0033567,Brian,Hill,23,B.Hill
2019,REG,10,Jamaal Williams,RB,GB,3.351587302,46.15384615,2.622384615,13,63,64.12833816,-1.128338155,4.846153846,-0.086795243,0.384615385,0,00-0033948,Jamaal,Williams,30,J.Williams
2019,REG,10,Christian McCaffrey,RB,CAR,2.934907407,25,2.4777,20,108,77.33837941,30.66162059,5.4,1.533081029,0.5,1,00-0033280,Christian,McCaffrey,22,C.McCaffrey
2019,REG,10,Chris Carson,RB,SEA,4.40505618,8,2.73492,25,89,98.61066317,-9.610663173,3.56,-0.384426527,0.44,1,00-0033594,Christopher,Carson,32,C.Carson
2019,REG,10,Damien Williams,RB,KC,5.168441558,15.78947368,3.058473684,19,77,80.18043121,-3.180431207,4.052631579,-0.167391116,0.473684211,0,00-0030874,Damien,Williams,26,Dam.Williams
2019,REG,10,Joe Mixon,HB,CIN,4.534473684,10,2.988,30,114,115.510702,-1.510702004,3.8,-0.050356733,0.433333333,0,00-0033897,Joe,Mixon,28,J.Mixon
2019,REG,10,Ronald Jones,RB,TB,5.009310345,9.090909091,2.789090909,11,29,41.91635561,-12.91635561,2.636363636,-1.174214146,0.454545455,1,00-0034816,Ronald,Jones,27,R.Jones
2019,REG,10,Aaron Jones,RB,GB,2.461827957,69.23076923,2.618307692,13,93,49.54764084,43.45235916,7.153846154,3.342489166,0.692307692,3,00-0033293,Aaron,Jones,33,A.Jones
2019,REG,10,Kenyan Drake,RB,ARI,4.645714286,0,2.8822,10,35,48.10350374,-13.10350374,3.5,-1.310350374,0.2,0,00-0033118,Kenyan,Drake,41,K.Drake
2019,REG,10,Saquon Barkley,RB,NYG,145.58,15.38461538,3.086615385,13,1,34.6785479,-33.6785479,0.076923077,-2.590657531,0.076923077,0,00-0034844,Saquon,Barkley,26,S.Barkley
2019,REG,10,Nick Chubb,RB,CLE,3.287758621,35,3.12405,20,116,68.61991506,47.38008494,5.8,2.369004247,0.5,0,00-0034791,Nicholas,Chubb,24,N.Chubb
2019,REG,10,Ezekiel Elliott,RB,DAL,5.450638298,10,2.8059,20,47,79.35040293,-32.35040293,2.35,-1.617520146,0.25,0,00-0033045,Ezekiel,Elliott,21,E.Elliott
2019,REG,10,Derrick Henry,RB,TEN,2.367659574,17.39130435,2.482521739,23,188,109.35673,78.64326996,8.173913043,3.419272607,0.52173913,2,00-0032764,Derrick,Henry,22,D.Henry
2019,REG,10,Devonta Freeman,RB,ATL,3.623157895,10,2.7816,10,38,49.21153911,-11.21153911,3.8,-1.121153911,0.3,0,00-0031285,Devonta,Freeman,24,D.Freeman
2019,REG,10,Dalvin Cook,RB,MIN,4.659278351,34.61538462,2.920115385,26,97,93.36571641,3.634283586,3.730769231,0.139780138,0.461538462,1,00-0033893,Dalvin,Cook,33,D.Cook
2019,REG,10,Peyton Barber,RB,TB,4.061395349,18.18181818,3.049727273,11,43,32.8694298,10.1305702,3.909090909,0.920960928,0.454545455,1,00-0032741,Kenneth,Barber,25,P.Barber
2019,REG,10,Marlon Mack,RB,IND,4.045675676,0,2.986421053,19,74,100.8230726,-26.82307255,3.894736842,-1.411740661,0.210526316,0,00-0033951,Marlon,Mack,25,M.Mack
2019,REG,10,Le'Veon Bell,RB,NYJ,6.756470588,27.77777778,3.068333333,18,34,59.35154379,-25.35154379,1.888888889,-1.4084191,0.222222222,1,00-0030496,Le'Veon,Bell,26,L.Bell
2019,REG,10,J.D. McKissic,RB,DET,3.876666667,0,2.6004,10,36,56.63561222,-20.63561222,3.6,-2.063561222,0.2,0,00-0032602,J.D.,McKissic,41,J.McKissic
2019,REG,10,David Montgomery,RB,CHI,4.425666667,29.41176471,2.985882353,17,60,80.18843576,-20.18843576,3.529411765,-1.187555045,0.352941176,0,00-0035685,David,Montgomery,32,D.Montgomery
2019,REG,10,Todd Gurley,RB,LAR,3.249863014,0,2.692083333,12,73,63.57160051,9.428399495,6.083333333,0.785699958,0.416666667,0,00-0032241,Todd Gurley II,Gurley,30,T.Gurley
2019,REG,10,Matt Breida,RB,SF,10.01,60,3.1053,10,18,34.59626363,-16.59626363,1.8,-1.659626363,0.1,0,00-0033308,Matthew,Breida,22,M.Breida
2019,REG,10,Jaylen Samuels,RB,PIT,7.232068966,0,2.903928571,14,29,36.10867099,-7.108670986,2.071428571,-0.507762213,0.428571429,0,00-0034331,Jaylen,Samuels,38,J.Samuels
2019,REG,10,Kalen Ballage,RB,MIA,6.386511628,5,2.7112,20,43,79.64101082,-37.64101082,2.15,-1.981105833,0.263157895,0,00-0034799,Kalen,Ballage,27,K.Ballage
2019,REG,10,Josh Jacobs,RB,LV,3.613239437,31.25,2.70025,16,71,75.12481312,-4.12481312,4.4375,-0.25780082,0.3125,1,00-0035700,Joshua,Jacobs,28,J.Jacobs
2019,REG,11,Melvin Gordon,RB,LAC,3.21942029,7.142857143,2.609071429,14,69,76.673233,-7.673232996,4.928571429,-0.548088071,0.285714286,0,00-0032144,Melvin,Gordon,25,M.Gordon
2019,REG,11,Ezekiel Elliott,RB,DAL,4.45,43.75,2.7595,16,45,54.75580221,-9.755802205,2.8125,-0.609737638,0.25,1,00-0033045,Ezekiel,Elliott,21,E.Elliott
2019,REG,11,Le'Veon Bell,RB,NYJ,4.414067797,38.88888889,2.728666667,18,59,66.5922935,-7.592293502,3.277777778,-0.421794083,0.388888889,1,00-0030496,Le'Veon,Bell,26,L.Bell
2019,REG,11,Jonathan Williams,RB,IND,2.470517241,7.692307692,2.834692308,13,116,59.00265751,56.99734249,8.923076923,4.384410961,0.615384615,0,00-0032975,Jonathan,Williams,33,J.Williams
2019,REG,11,Josh Jacobs,RB,LV,3.578303571,47.82608696,2.88826087,23,112,85.889252,26.110748,4.869565217,1.135249913,0.47826087,0,00-0035700,Joshua,Jacobs,28,J.Jacobs
2019,REG,11,Phillip Lindsay,RB,DEN,4.70119403,25,2.9858125,16,67,83.5097762,-16.5097762,4.1875,-1.031861012,0.3125,0,00-0034109,Phillip,Lindsay,30,P.Lindsay
2019,REG,11,Latavius Murray,RB,NO,5.217407407,20,2.5886,10,27,27.41551938,-0.415519377,2.7,-0.041551938,0.3,0,00-0030513,Latavius,Murray,28,L.Murray
2019,REG,11,Marlon Mack,RB,IND,3.03293578,7.142857143,3.453285714,14,109,58.34682745,50.65317255,7.785714286,3.618083754,0.571428571,1,00-0033951,Marlon,Mack,25,M.Mack
2019,REG,11,Darrel Williams,RB,KC,4.062571429,18.18181818,2.634090909,11,35,47.50628673,-12.50628673,3.181818182,-1.136935157,0.363636364,1,00-0034301,Darrel,Williams,31,D.Williams
2019,REG,11,Kenyan Drake,RB,ARI,4.147462687,12.5,2.86725,16,67,75.09726634,-8.097266341,4.1875,-0.506079146,0.5625,0,00-0033118,Kenyan,Drake,41,K.Drake
2019,REG,11,Alvin Kamara,RB,NO,3.438133333,0,2.945615385,13,75,64.30712827,10.69287173,5.769230769,0.822528594,0.538461538,0,00-0033906,Alvin,Kamara,41,A.Kamara
2019,REG,11,Joe Mixon,HB,CIN,3.471511628,6.666666667,3.2682,15,86,65.9923354,20.0076646,5.733333333,1.333844306,0.533333333,1,00-0033897,Joe,Mixon,28,J.Mixon
2019,REG,11,Todd Gurley,RB,LAR,4.19,52,3.057,25,97,105.8031644,-8.803164406,3.88,-0.352126576,0.4,1,00-0032241,Todd Gurley II,Gurley,30,T.Gurley
2019,REG,11,Devin Singletary,RB,BUF,3.818266667,0,2.840066667,15,75,82.59943053,-7.59943053,5,-0.506628702,0.266666667,0,00-0035250,Devin,Singletary,26,D.Singletary
2019,REG,11,David Montgomery,RB,CHI,5.908064516,0,2.764571429,14,31,56.54371535,-25.54371535,2.214285714,-1.824551097,0.285714286,0,00-0035685,David,Montgomery,32,D.Montgomery
2019,REG,11,Sony Michel,RB,NE,4.993030303,60,2.8733,10,33,31.22526119,1.774738812,3.3,0.177473881,0.4,0,00-0034845,Sony,Michel,26,S.Michel
2019,REG,11,Nick Chubb,RB,CLE,4.494347826,0,3.002444444,27,92,111.2784489,-19.27844893,3.407407407,-0.714016627,0.296296296,0,00-0034791,Nicholas,Chubb,24,N.Chubb
2019,REG,11,Mark Ingram,RB,BAL,4.418333333,15.38461538,2.803769231,13,48,69.89413886,-21.89413886,3.692307692,-1.684164527,0.230769231,0,00-0027966,Mark,Ingram,21,M.Ingram II
2019,REG,11,Miles Sanders,RB,PHI,4.730263158,18.18181818,3.284181818,11,38,52.51849357,-14.51849357,3.454545455,-1.319863052,0.272727273,0,00-0035243,Miles,Sanders,26,M.Sanders
2019,REG,11,Frank Gore,RB,BUF,4.678888889,27.27272727,2.541272727,11,27,46.00768986,-19.00768986,2.454545455,-1.727971806,0.272727273,0,00-0023500,Frank,Gore,20,F.Gore
2019,REG,11,Christian McCaffrey,RB,CAR,3.582714286,35.71428571,2.644928571,14,70,73.72102962,-3.721029616,5,-0.26578783,0.214285714,0,00-0033280,Christian,McCaffrey,22,C.McCaffrey
2019,REG,11,Dalvin Cook,RB,MIN,5.990384615,9.090909091,2.589818182,11,26,33.20503131,-7.205031309,2.363636364,-0.655002846,0.363636364,1,00-0033893,Dalvin,Cook,33,D.Cook
2019,REG,11,Tevin Coleman,RB,SF,9.852142857,66.66666667,2.9085,12,14,26.95680416,-12.95680416,1.166666667,-1.07973368,0.416666667,0,00-0032058,Tevin,Coleman,26,T.Coleman
2019,REG,11,Bo Scarbrough,RB,DET,3.823090909,14.28571429,2.626285714,14,55,61.61679688,-6.616796881,3.928571429,-0.472628349,0.428571429,1,00-0034432,Kelvinton,Scarbrough,43,B.Scarbrough
2019,REG,11,Brian Hill,HB,ATL,7.6,53.33333333,3.111733333,15,30,43.42267462,-13.42267462,2,-0.894844974,0.133333333,0,00-0033567,Brian,Hill,23,B.Hill
2019,REG,12,Nick Chubb,RB,CLE,3.473773585,0,2.799190476,21,106,99.22205124,6.777948756,5.047619048,0.322759465,0.428571429,1,00-0034791,Nicholas,Chubb,24,N.Chubb
2019,REG,12,Miles Sanders,RB,PHI,3.401746032,8.333333333,2.790333333,12,63,54.13562473,8.864375274,5.25,0.738697939,0.5,0,00-0035243,Miles,Sanders,26,M.Sanders
2019,REG,12,Mark Ingram,RB,BAL,2.558108108,13.33333333,2.621933333,15,111,76.82611764,34.17388236,7.4,2.278258824,0.6,1,00-0027966,Mark,Ingram,21,M.Ingram II
2019,REG,12,Gus Edwards,RB,BAL,3.263272727,42.85714286,2.555214286,14,55,63.66641258,-8.666412584,3.928571429,-0.61902947,0.285714286,0,00-0034184,Gus,Edwards,35,G.Edwards
2019,REG,12,Alvin Kamara,RB,NO,3.337962963,36.36363636,2.920636364,11,54,37.07915421,16.92084579,4.909090909,1.538258708,0.363636364,0,00-0033906,Alvin,Kamara,41,A.Kamara
2019,REG,12,Aaron Jones,RB,GB,5.121578947,23.07692308,2.941692308,13,38,43.41424735,-5.414247348,2.923076923,-0.416480565,0.307692308,0,00-0033293,Aaron,Jones,33,A.Jones
2019,REG,12,Carlos Hyde,RB,HOU,3.765223881,25,2.88225,16,67,57.04333168,9.95666832,4.1875,0.62229177,0.3125,0,00-0031045,Carlos,Hyde,23,C.Hyde
2019,REG,12,Saquon Barkley,RB,NYG,4.833728814,11.76470588,3.019294118,17,59,63.41275925,-4.412759253,3.470588235,-0.259574074,0.352941176,0,00-0034844,Saquon,Barkley,26,S.Barkley
2019,REG,12,Phillip Lindsay,RB,DEN,4.01877193,15.38461538,3.039923077,13,57,57.32970281,-0.329702815,4.384615385,-0.025361755,0.384615385,0,00-0034109,Phillip,Lindsay,30,P.Lindsay
2019,REG,12,Rashaad Penny,RB,SEA,2.363875969,50,2.493,14,129,49.92692803,79.07307197,9.214285714,5.648076569,0.5,1,00-0034750,Rashaad,Penny,20,R.Penny
2019,REG,12,Josh Jacobs,RB,LV,4.505294118,20,3.1833,10,34,32.68615272,1.313847284,3.4,0.131384728,0.2,0,00-0035700,Joshua,Jacobs,28,J.Jacobs
2019,REG,12,Leonard Fournette,RB,JAX,3.980309278,12.5,2.506333333,24,97,98.40331775,-1.403317753,4.041666667,-0.058471573,0.416666667,2,00-0033856,Leonard,Fournette,27,L.Fournette
2019,REG,12,Jamaal Williams,RB,GB,3.459333333,9.090909091,2.509909091,11,45,53.34935535,-8.349355346,4.090909091,-0.759032304,0.272727273,0,00-0033948,Jamaal,Williams,30,J.Williams
2019,REG,12,Benny Snell,RB,PIT,3.394081633,61.9047619,2.860666667,21,98,58.76569952,39.23430048,4.666666667,1.868300023,0.714285714,0,00-0035217,Benny,Snell,24,B.Snell Jr.
2019,REG,12,Bo Scarbrough,RB,DET,3.323265306,50,2.573888889,18,98,84.54793541,13.45206459,5.444444444,0.747336921,0.388888889,0,00-0034432,Kelvinton,Scarbrough,43,B.Scarbrough
2019,REG,12,Derrius Guice,RB,WAS,4.92,10,3.0021,10,32,32.88089728,-1.880897275,3.2,-0.208988586,0.333333333,0,00-0034358,Derrius,Guice,29,D.Guice
2019,REG,12,Joe Mixon,HB,CIN,3.961392405,0,3.070888889,18,79,74.07985967,4.920140326,4.388888889,0.273341129,0.444444444,0,00-0033897,Joe,Mixon,28,J.Mixon
2019,REG,12,Frank Gore,RB,BUF,3.290615385,40,2.569666667,15,65,70.37601087,-5.376010867,4.333333333,-0.358400724,0.2,0,00-0023500,Frank,Gore,20,F.Gore
2019,REG,12,Ezekiel Elliott,RB,DAL,3.750348837,47.61904762,2.751142857,21,86,70.92173591,15.07826409,4.095238095,0.718012576,0.619047619,0,00-0033045,Ezekiel,Elliott,21,E.Elliott
2019,REG,12,Tevin Coleman,RB,SF,4.524871795,36.36363636,2.747,11,39,34.88652706,4.113472943,3.545454545,0.373952086,0.545454545,1,00-0032058,Tevin,Coleman,26,T.Coleman
2019,REG,12,Adrian Peterson,RB,WAS,5.482962963,10,2.7665,10,27,49.59008366,-22.59008366,2.7,-2.259008366,0.3,0,00-0025394,Adrian,Peterson,26,A.Peterson
2019,REG,12,Peyton Barber,RB,TB,3.964375,72.72727273,2.546181818,11,32,40.35833891,-8.358338906,2.909090909,-0.759848991,0.363636364,0,00-0032741,Kenneth,Barber,25,P.Barber
2019,REG,12,Devin Singletary,RB,BUF,3.464150943,19.04761905,2.83652381,21,106,84.45650042,21.54349958,5.047619048,1.025880932,0.571428571,0,00-0035250,Devin,Singletary,26,D.Singletary
2019,REG,12,Derrick Henry,RB,TEN,2.316289308,31.57894737,2.592684211,19,159,82.44335019,76.55664981,8.368421053,4.029297358,0.578947368,2,00-0032764,Derrick,Henry,22,D.Henry
2019,REG,12,Jonathan Williams,RB,IND,3.856057692,3.846153846,2.803115385,26,104,106.1155334,-2.115533378,4,-0.081366668,0.423076923,1,00-0032975,Jonathan,Williams,33,J.Williams
2019,REG,12,Ronald Jones,RB,TB,3.938235294,41.66666667,2.507333333,12,51,44.02409135,6.975908652,4.25,0.581325721,0.25,1,00-0034816,Ronald,Jones,27,R.Jones
2019,REG,12,Christian McCaffrey,RB,CAR,5.1153125,18.18181818,2.971818182,22,64,74.38666117,-10.38666117,2.909090909,-0.472120962,0.363636364,1,00-0033280,Christian,McCaffrey,22,C.McCaffrey
2019,REG,12,David Montgomery,RB,CHI,8.046363636,15.38461538,3.432538462,13,22,37.91581231,-15.91581231,1.692307692,-1.224293255,0.307692308,0,00-0035685,David,Montgomery,32,D.Montgomery
2019,REG,12,Le'Veon Bell,RB,NYJ,3.696326531,0,2.833666667,12,49,44.78286001,4.217139991,4.083333333,0.351428333,0.5,0,00-0030496,Le'Veon,Bell,26,L.Bell
2019,REG,12,Sony Michel,RB,NE,3.940352941,30,2.5553,20,85,90.42270811,-5.422708114,4.25,-0.271135406,0.4,0,00-0034845,Sony,Michel,26,S.Michel
2019,REG,13,Miles Sanders,RB,PHI,3.070963855,0,2.584882353,17,83,99.30552295,-16.30552295,4.882352941,-0.959148409,0.235294118,0,00-0035243,Miles,Sanders,26,M.Sanders
2019,REG,13,Ezekiel Elliott,RB,DAL,2.878591549,33.33333333,2.612083333,12,71,52.68712653,18.31287347,5.916666667,1.526072789,0.416666667,0,00-0033045,Ezekiel,Elliott,21,E.Elliott
2019,REG,13,Kenyan Drake,RB,ARI,5.573548387,0,2.894692308,13,31,57.4695825,-26.4695825,2.384615385,-2.036121731,0.076923077,0,00-0033118,Kenyan,Drake,41,K.Drake
2019,REG,13,Derrius Guice,RB,WAS,1.813565891,60,2.3138,10,129,48.01602286,80.98397714,12.9,8.098397714,0.7,2,00-0034358,Derrius,Guice,29,D.Guice
2019,REG,13,Saquon Barkley,RB,NYG,3.226506024,10.52631579,2.599473684,19,83,78.65759769,4.342402314,4.368421053,0.22854749,0.315789474,0,00-0034844,Saquon,Barkley,26,S.Barkley
2019,REG,13,Devin Singletary,RB,BUF,3.942698413,0,3.044785714,14,63,48.14569957,14.85430043,4.5,1.06102146,0.428571429,0,00-0035250,Devin,Singletary,26,D.Singletary
2019,REG,13,Carlos Hyde,RB,HOU,6.931764706,30,2.6051,10,17,27.93968847,-10.93968847,1.7,-1.093968847,0.4,0,00-0031045,Carlos,Hyde,23,C.Hyde
2019,REG,13,Alvin Kamara,RB,NO,3.631147541,9.090909091,2.879181818,11,61,63.67738033,-2.677380328,5.545454545,-0.243398212,0.363636364,0,00-0033906,Alvin,Kamara,41,A.Kamara
2019,REG,13,Mark Ingram,RB,BAL,3.556949153,13.33333333,2.7442,15,59,65.24842148,-6.248421478,3.933333333,-0.416561432,0.266666667,0,00-0027966,Mark,Ingram,21,M.Ingram II
2019,REG,13,Leonard Fournette,RB,JAX,4.906578947,14.28571429,3.371714286,14,38,56.42339514,-18.42339514,2.714285714,-1.315956796,0.357142857,0,00-0033856,Leonard,Fournette,27,L.Fournette
2019,REG,13,Darwin Thompson,RB,KC,4.206136364,54.54545455,2.976,11,44,45.02551844,-1.025518444,4,-0.093228949,0.545454545,1,00-0035148,Darwin,Thompson,34,D.Thompson
2019,REG,13,Phillip Lindsay,RB,DEN,5.148965517,0,3.210470588,17,58,60.86985764,-2.869857638,3.411764706,-0.168815155,0.352941176,0,00-0034109,Phillip,Lindsay,30,P.Lindsay
2019,REG,13,Patrick Laird,RB,MIA,18.54,70,2.8174,10,5,10.43814489,-5.438144888,0.5,-0.543814489,0.4,1,00-0035342,Patrick,Laird,42,P.Laird
2019,REG,13,Chris Carson,RB,SEA,4.077647059,39.13043478,3.043173913,23,102,95.42984144,6.570158563,4.434782609,0.285659068,0.391304348,1,00-0033594,Christopher,Carson,32,C.Carson
2019,REG,13,Devonta Freeman,RB,ATL,4.369607843,11.76470588,2.571,17,51,77.2119005,-26.2119005,3,-1.5418765,0.294117647,0,00-0031285,Devonta,Freeman,24,D.Freeman
2019,REG,13,Nick Chubb,RB,CLE,4.44362069,0,2.998875,16,58,64.26540173,-6.265401731,3.625,-0.391587608,0.25,0,00-0034791,Nicholas,Chubb,24,N.Chubb
2019,REG,13,Rashaad Penny,RB,SEA,3.817972973,20,2.690533333,15,74,63.28891164,10.71108836,4.933333333,0.714072557,0.466666667,1,00-0034750,Rashaad,Penny,20,R.Penny
2019,REG,13,David Montgomery,RB,CHI,3.345866667,0,2.6991875,16,75,70.26716891,4.732831085,4.6875,0.295801943,0.3125,0,00-0035685,David,Montgomery,32,D.Montgomery
2019,REG,13,Adrian Peterson,RB,WAS,2.596363636,53.84615385,2.690538462,13,99,47.66353685,51.33646315,7.615384615,3.948958704,0.615384615,1,00-0025394,Adrian,Peterson,26,A.Peterson
2019,REG,13,Benny Snell,RB,PIT,3.50015873,6.25,2.4703125,16,63,59.71645366,3.283546339,3.9375,0.205221646,0.5625,1,00-0035217,Benny,Snell,24,B.Snell Jr.
2019,REG,13,Todd Gurley,RB,LAR,3.593473684,5.263157895,2.801526316,19,95,110.291731,-15.29173105,5,-0.80482795,0.526315789,1,00-0032241,Todd Gurley II,Gurley,30,T.Gurley
2019,REG,13,Jordan Wilkins,RB,IND,4.305531915,36.36363636,3.148363636,11,47,58.68042127,-11.68042127,4.272727273,-1.061856479,0.181818182,0,00-0034400,Jordan,Wilkins,20,J.Wilkins
2019,REG,13,Josh Jacobs,RB,LV,3.443557692,17.64705882,2.758117647,17,104,58.02128746,45.97871254,6.117647059,2.70463015,0.647058824,0,00-0035700,Joshua,Jacobs,28,J.Jacobs
2019,REG,13,Jamaal Williams,RB,GB,4.049268293,0,2.7579,10,41,47.71376538,-6.713765377,4.1,-0.671376538,0.4,0,00-0033948,Jamaal,Williams,30,J.Williams
2019,REG,13,Sony Michel,RB,NE,2.839555556,60,2.3371,10,45,41.186804,3.813195998,4.5,0.3813196,0.5,0,00-0034845,Sony,Michel,26,S.Michel
2019,REG,13,Aaron Jones,RB,GB,10.305,9.090909091,2.800181818,11,18,33.03177857,-15.03177857,1.636363636,-1.366525324,0.363636364,0,00-0033293,Aaron,Jones,33,A.Jones
2019,REG,13,James White,RB,NE,2.892911392,0,2.487071429,14,79,73.37305466,5.626945342,5.642857143,0.401924667,0.214285714,0,00-0031062,James,White,28,J.White
2019,REG,13,Le'Veon Bell,RB,NYJ,4.5334375,40,2.712,10,32,35.01992589,-3.019925887,3.2,-0.301992589,0.3,0,00-0030496,Le'Veon,Bell,26,L.Bell
2019,REG,13,Derrick Henry,RB,TEN,3.204563758,15.38461538,2.835730769,26,149,104.3278323,41.67216775,5.730769231,1.66688671,0.48,1,00-0032764,Derrick,Henry,22,D.Henry
2019,REG,13,Christian McCaffrey,RB,CAR,4.937954545,28.57142857,2.472428571,14,44,53.41597605,-9.415976045,3.142857143,-0.672569718,0.214285714,0,00-0033280,Christian,McCaffrey,22,C.McCaffrey
2019,REG,13,Bo Scarbrough,RB,DET,3.955783133,14.28571429,2.637714286,21,83,99.55740734,-16.55740734,3.952380952,-0.788447968,0.285714286,0,00-0034432,Kelvinton,Scarbrough,43,B.Scarbrough
2019,REG,13,Melvin Gordon,RB,LAC,3.877979798,5,2.83345,20,99,80.0136289,18.9863711,4.95,0.949318555,0.55,0,00-0032144,Melvin,Gordon,25,M.Gordon
2019,REG,13,Joe Mixon,HB,CIN,5.407954545,26.31578947,2.794368421,19,44,65.72049905,-21.72049905,2.315789474,-1.14318416,0.315789474,1,00-0033897,Joe,Mixon,28,J.Mixon
2019,REG,13,Raheem Mostert,RB,SF,3.233150685,26.31578947,3.239526316,19,146,117.2244666,23.77553341,7.684210526,1.320862967,0.333333333,1,00-0031687,Dominique,Mostert,31,R.Mostert
2019,REG,13,Peyton Barber,RB,TB,4.691363636,35.29411765,2.514705882,17,44,68.57778716,-24.57778716,2.588235294,-1.445752186,0.235294118,2,00-0032741,Kenneth,Barber,25,P.Barber
2019,REG,14,DeAndre Washington,RB,LV,4.033207547,7.142857143,2.977642857,14,53,63.73530318,-10.73530318,3.785714286,-0.76680737,0.285714286,1,00-0032940,DeAndre,Washington,33,D.Washington
2019,REG,14,Peyton Barber,RB,TB,4.364117647,9.090909091,2.770272727,11,34,43.23174537,-9.231745369,3.090909091,-0.839249579,0.090909091,0,00-0032741,Kenneth,Barber,25,P.Barber
2019,REG,14,Alexander Mattison,RB,MIN,5.171521739,21.42857143,2.902571429,14,46,57.80362226,-11.80362226,3.285714286,-0.843115876,0.285714286,0,00-0034972,Alexander,Mattison,25,A.Mattison
2019,REG,14,Devin Singletary,RB,BUF,3.333707865,5.882352941,2.721941176,17,89,58.74816534,30.25183466,5.235294118,1.779519686,0.411764706,0,00-0035250,Devin,Singletary,26,D.Singletary
2019,REG,14,Derrick Henry,RB,TEN,2.823883495,72.22222222,2.784055556,18,103,66.71934286,36.28065714,5.722222222,2.015592063,0.555555556,2,00-0032764,Derrick,Henry,22,D.Henry
2019,REG,14,Ezekiel Elliott,RB,DAL,3.517777778,15.78947368,2.655631579,19,81,72.27617686,8.723823138,4.263157895,0.459148586,0.421052632,2,00-0033045,Ezekiel,Elliott,21,E.Elliott
2019,REG,14,Alvin Kamara,RB,NO,7.5696,15.38461538,2.611615385,13,25,37.04959436,-12.04959436,1.923076923,-0.926891874,0.384615385,0,00-0033906,Alvin,Kamara,41,A.Kamara
2019,REG,14,Saquon Barkley,RB,NYG,4.62030303,11.76470588,2.957058824,17,66,70.2110463,-4.211046295,3.882352941,-0.247708606,0.352941176,0,00-0034844,Saquon,Barkley,26,S.Barkley
2019,REG,14,Todd Gurley,RB,LAR,4.875822785,47.82608696,3.087478261,23,79,99.87236044,-20.87236044,3.434782609,-0.907493932,0.173913043,1,00-0032241,Todd Gurley II,Gurley,30,T.Gurley
2019,REG,14,Patrick Laird,RB,MIA,4.980625,13.33333333,3.004466667,15,48,58.21116718,-14.21116718,3.2,-1.01508337,0.214285714,0,00-0035342,Patrick,Laird,42,P.Laird
2019,REG,14,Dalvin Cook,RB,MIN,5.344516129,11.11111111,3.020722222,18,62,88.58134248,-26.58134248,3.444444444,-1.476741249,0.222222222,1,00-0033893,Dalvin,Cook,33,D.Cook
2019,REG,14,Ronald Jones,RB,TB,4.861111111,9.090909091,2.562090909,11,36,43.80424038,-7.804240384,3.272727273,-0.709476399,0.363636364,0,00-0034816,Ronald,Jones,27,R.Jones
2019,REG,14,Bo Scarbrough,RB,DET,4.235692308,15.78947368,2.945842105,19,65,84.28955482,-19.28955482,3.421052632,-1.015239728,0.263157895,0,00-0034432,Kelvinton,Scarbrough,43,B.Scarbrough
2019,REG,14,Kenyan Drake,RB,ARI,4.986486486,0,3.171727273,11,37,45.44247268,-8.442472676,3.363636364,-0.767497516,0.272727273,0,00-0033118,Kenyan,Drake,41,K.Drake
2019,REG,14,Aaron Jones,RB,GB,2.639850746,31.25,2.6361875,16,134,65.4060844,68.5939156,8.375,4.287119725,0.5625,1,00-0033293,Aaron,Jones,33,A.Jones
2019,REG,14,Benny Snell,RB,PIT,7.184878049,81.25,3.4345,16,41,56.88946731,-15.88946731,2.5625,-0.993091707,0.3125,0,00-0035217,Benny,Snell,24,B.Snell Jr.
2019,REG,14,Chris Carson,RB,SEA,2.780131579,0,2.440533333,15,76,70.86048453,5.139515465,5.066666667,0.342634364,0.466666667,0,00-0033594,Christopher,Carson,32,C.Carson
2019,REG,14,Phillip Lindsay,RB,DEN,4.164901961,18.75,2.6655,16,51,63.94642075,-12.94642075,3.1875,-0.809151297,0.1875,1,00-0034109,Phillip,Lindsay,30,P.Lindsay
2019,REG,14,Marlon Mack,RB,IND,6.150263158,7.692307692,3.043692308,13,38,66.47813181,-28.47813181,2.923076923,-2.190625524,0.153846154,1,00-0033951,Marlon,Mack,25,M.Mack
2019,REG,14,David Montgomery,RB,CHI,3.492209302,10,2.8616,20,86,77.46732073,8.532679273,4.3,0.426633964,0.55,0,00-0035685,David,Montgomery,32,D.Montgomery
2019,REG,14,Devonta Freeman,RB,ATL,3.653809524,47.05882353,3.001882353,17,84,81.85012489,2.149875114,4.941176471,0.126463242,0.470588235,1,00-0031285,Devonta,Freeman,24,D.Freeman
2019,REG,14,Leonard Fournette,RB,JAX,4.175,20,2.735333333,15,50,58.05485295,-8.05485295,3.333333333,-0.536990197,0.333333333,0,00-0033856,Leonard,Fournette,27,L.Fournette
2019,REG,14,Carlos Hyde,RB,HOU,2.437945205,7.142857143,2.262214286,14,73,70.90489087,2.095109126,5.214285714,0.149650652,0.5,0,00-0031045,Carlos,Hyde,23,C.Hyde
2019,REG,14,Joe Mixon,HB,CIN,3.028150685,0,2.722217391,23,146,103.0900865,42.90991354,6.347826087,1.865648415,0.47826087,1,00-0033897,Joe,Mixon,28,J.Mixon
2019,REG,14,Miles Sanders,RB,PHI,5.415777778,6.666666667,3.198933333,15,45,70.22012063,-25.22012063,3,-1.681341375,0.2,0,00-0035243,Miles,Sanders,26,M.Sanders
2019,REG,14,Adrian Peterson,RB,WAS,4.134342105,15,2.75375,20,76,84.85602759,-8.85602759,3.8,-0.442801379,0.45,1,00-0025394,Adrian,Peterson,26,A.Peterson
2019,REG,14,Melvin Gordon,RB,LAC,4.044545455,33.33333333,2.860416667,12,55,49.46740375,5.532596254,4.583333333,0.461049688,0.5,1,00-0032144,Melvin,Gordon,25,M.Gordon
2019,REG,14,Christian McCaffrey,RB,CAR,3.600377358,27.27272727,2.909272727,11,53,53.11195493,-0.111954929,4.818181818,-0.010177721,0.454545455,0,00-0033280,Christian,McCaffrey,22,C.McCaffrey
2019,REG,14,Bilal Powell,RB,NYJ,2.893243243,0,2.484947368,19,74,77.62174318,-3.621743177,3.894736842,-0.190618062,0.421052632,0,00-0028064,Bilal,Powell,29,B.Powell
2019,REG,14,Nick Chubb,RB,CLE,2.931698113,26.66666667,3.005733333,15,106,52.94851402,53.05148598,7.066666667,3.536765732,0.4,0,00-0034791,Nicholas,Chubb,24,N.Chubb
2019,REG,14,Mark Ingram,RB,BAL,3.9832,20,2.7256,15,50,47.86383484,0.136165158,3.333333333,0.010474243,0.307692308,0,00-0027966,Mark,Ingram,21,M.Ingram II
2019,REG,14,LeSean McCoy,RB,KC,4.473333333,27.27272727,3.028909091,11,39,61.56527784,-22.56527784,3.545454545,-2.051388895,0.090909091,0,00-0027029,LeSean,McCoy,25,L.McCoy
2019,REG,14,Raheem Mostert,RB,SF,3.077681159,20,2.7879,10,69,58.91659171,10.08340829,6.9,1.008340829,0.5,1,00-0031687,Dominique,Mostert,31,R.Mostert
2019,REG,14,Boston Scott,RB,PHI,2.609661017,0,2.4883,10,59,57.96626494,1.033735056,5.9,0.103373506,0.4,1,00-0034414,Boston,Scott,35,B.Scott
2019,REG,15,Saquon Barkley,RB,NYG,3.875892857,4.166666667,2.814583333,24,112,111.806075,0.19392501,4.666666667,0.008080209,0.458333333,2,00-0034844,Saquon,Barkley,26,S.Barkley
2019,REG,15,Kenyan Drake,RB,ARI,3.037737226,0,3.032454545,22,137,82.55103935,33.44896065,6.227272727,1.59280765,0.476190476,4,00-0033118,Kenyan,Drake,41,K.Drake
2019,REG,15,Miles Sanders,RB,PHI,3.363114754,26.31578947,3.136368421,19,122,77.79415993,44.20584007,6.421052632,2.326623162,0.368421053,1,00-0035243,Miles,Sanders,26,M.Sanders
2019,REG,15,Patrick Laird,RB,MIA,4.278695652,0,2.749916667,12,46,60.40078017,-14.40078017,3.833333333,-1.200065014,0.25,0,00-0035342,Patrick,Laird,42,P.Laird
2019,REG,15,Devin Singletary,RB,BUF,4.077471264,0,3.216571429,21,87,99.07876958,-12.07876958,4.142857143,-0.575179504,0.333333333,0,00-0035250,Devin,Singletary,26,D.Singletary
2019,REG,15,Peyton Barber,RB,TB,6.284705882,40,2.6404,10,17,25.78502805,-8.785028051,1.7,-0.878502805,0.2,0,00-0032741,Kenneth,Barber,25,P.Barber
2019,REG,15,Carlos Hyde,RB,HOU,3.845288462,7.692307692,2.686769231,26,104,92.15662241,11.84337759,4,0.455514523,0.423076923,1,00-0031045,Carlos,Hyde,23,C.Hyde
2019,REG,15,Alvin Kamara,RB,NO,4.063181818,0,2.8335,14,66,81.21748765,-15.21748765,4.714285714,-1.086963404,0.428571429,0,00-0033906,Alvin,Kamara,41,A.Kamara
2019,REG,15,Leonard Fournette,RB,JAX,6.581904762,26.66666667,3.072866667,15,42,55.56678263,-13.56678263,2.8,-0.904452175,0.266666667,0,00-0033856,Leonard,Fournette,27,L.Fournette
2019,REG,15,Derrick Henry,RB,TEN,3.653139535,52.38095238,2.374428571,21,86,90.44777996,-4.447779957,4.095238095,-0.211799046,0.285714286,0,00-0032764,Derrick,Henry,22,D.Henry
2019,REG,15,Raheem Mostert,RB,SF,4.431296296,50,2.761714286,14,54,61.14967488,-7.149674883,3.857142857,-0.510691063,0.428571429,1,00-0031687,Dominique,Mostert,31,R.Mostert
2019,REG,15,Frank Gore,RB,BUF,8.436,0,3.0582,10,15,30.02014846,-15.02014846,1.5,-1.502014846,0.3,0,00-0023500,Frank,Gore,20,F.Gore
2019,REG,15,Joe Mixon,HB,CIN,3.176323529,16,2.8624,25,136,104.6872532,31.31274683,5.44,1.252509873,0.4,0,00-0033897,Joe,Mixon,28,J.Mixon
2019,REG,15,Devonta Freeman,RB,ATL,5.001282051,16.66666667,2.957416667,12,39,57.13512487,-18.13512487,3.25,-1.511260406,0.333333333,0,00-0031285,Devonta,Freeman,24,D.Freeman
2019,REG,15,Marlon Mack,RB,IND,8.176315789,0,3.033545455,11,19,37.87378309,-18.87378309,1.727272727,-1.715798463,0.272727273,0,00-0033951,Marlon,Mack,25,M.Mack
2019,REG,15,Ronald Jones,RB,TB,6.785217391,9.090909091,2.685545455,11,23,44.69554392,-21.69554392,2.090909091,-1.972322175,0.181818182,0,00-0034816,Ronald,Jones,27,R.Jones
2019,REG,15,Josh Jacobs,RB,LV,4.138539326,12.5,2.746208333,24,89,103.4216029,-14.42160286,3.708333333,-0.600900119,0.375,0,00-0035700,Joshua,Jacobs,28,J.Jacobs
2019,REG,15,Sony Michel,RB,NE,3.501235955,52.63157895,2.654157895,19,89,66.15799689,22.84200311,4.684210526,1.20221069,0.473684211,0,00-0034845,Sony,Michel,26,S.Michel
2019,REG,15,Aaron Jones,RB,GB,4.62,23.07692308,2.506076923,13,51,64.80028896,-13.80028896,3.923076923,-1.061560689,0.307692308,2,00-0033293,Aaron,Jones,33,A.Jones
2019,REG,15,Le'Veon Bell,RB,NYJ,3.741954023,9.523809524,2.709190476,21,87,92.52360301,-5.523603006,4.142857143,-0.263028715,0.476190476,0,00-0030496,Le'Veon,Bell,26,L.Bell
2019,REG,15,Wes Hills,RB,DET,6.405238095,40,2.5693,10,21,28.12958093,-7.129580932,2.1,-0.712958093,0.3,2,00-0035489,Wesley,Hills,36,W.Hills
2019,REG,15,Adrian Peterson,RB,WAS,4.511363636,56.25,3.3203125,16,66,69.85661815,-3.856618146,4.125,-0.241038634,0.3125,1,00-0025394,Adrian,Peterson,26,A.Peterson
2019,REG,15,Christian McCaffrey,RB,CAR,3.586781609,42.10526316,2.660105263,19,87,88.2534812,-1.253481199,4.578947368,-0.065972695,0.315789474,2,00-0033280,Christian,McCaffrey,22,C.McCaffrey
2019,REG,15,Chris Carson,RB,SEA,3.522406015,29.16666667,3.224833333,24,133,96.72008037,36.27991963,5.541666667,1.511663318,0.5,2,00-0033594,Christopher,Carson,32,C.Carson
2019,REG,15,Mike Boone,RB,MIN,3.476785714,46.15384615,2.532846154,13,56,43.39653866,12.60346134,4.307692308,0.969497026,0.615384615,2,00-0034208,Michael,Boone,23,M.Boone
2019,REG,15,Tony Pollard,RB,DAL,2.412671756,0,3.0355,12,131,57.98505855,73.01494145,10.91666667,6.084578454,0.416666667,1,00-0035261,Tony,Pollard,20,T.Pollard
2019,REG,15,David Montgomery,RB,CHI,4.826153846,0,2.679642857,14,39,54.88323313,-15.88323313,2.785714286,-1.134516652,0.285714286,0,00-0035685,David,Montgomery,32,D.Montgomery
2019,REG,15,Nick Chubb,RB,CLE,2.440787402,11.76470588,2.872882353,17,127,88.17837234,37.82162766,7.470588235,2.363851729,0.4375,1,00-0034791,Nicholas,Chubb,24,N.Chubb
2019,REG,15,Todd Gurley,RB,LAR,6.7705,18.18181818,2.790181818,11,20,44.00804185,-24.00804185,1.818181818,-2.182549259,0.272727273,1,00-0032241,Todd Gurley II,Gurley,30,T.Gurley
2019,REG,15,Mark Ingram,RB,BAL,3.293552632,15.38461538,3.018846154,13,76,58.13932477,17.86067523,5.846153846,1.373898095,0.692307692,1,00-0027966,Mark,Ingram,21,M.Ingram II
2019,REG,15,Ezekiel Elliott,RB,DAL,3.142307692,8.333333333,2.517375,24,117,94.29079272,22.70920728,4.875,0.94621697,0.625,2,00-0033045,Ezekiel,Elliott,21,E.Elliott
2019,REG,16,Ezekiel Elliott,RB,DAL,3.778297872,30.76923077,2.558153846,13,47,58.94387446,-11.94387446,3.615384615,-0.918759574,0.461538462,0,00-0033045,Ezekiel,Elliott,21,E.Elliott
2019,REG,16,Dion Lewis,RB,TEN,3.572352941,0,2.467133333,15,68,70.1700237,-2.170023702,4.533333333,-0.144668247,0.266666667,0,00-0028087,Dion,Lewis,33,D.Lewis
2019,REG,16,Christian McCaffrey,RB,CAR,3.689444444,30.76923077,2.768230769,13,54,57.42191297,-3.421912975,4.153846154,-0.263224075,0.461538462,0,00-0033280,Christian,McCaffrey,22,C.McCaffrey
2019,REG,16,DeAndre Washington,RB,LV,4.333764706,43.47826087,2.873173913,23,85,92.89974525,-7.899745254,3.695652174,-0.343467185,0.434782609,1,00-0032940,DeAndre,Washington,33,D.Washington
2019,REG,16,Damien Williams,RB,KC,4.323384615,0,2.835875,16,65,68.52196709,-3.52196709,4.0625,-0.220122943,0.4375,0,00-0030874,Damien,Williams,26,Dam.Williams
2019,REG,16,Adrian Peterson,RB,WAS,6.77,6.666666667,3.2096,15,36,57.31817175,-21.31817175,2.4,-1.42121145,0.266666667,1,00-0025394,Adrian,Peterson,26,A.Peterson
2019,REG,16,Miles Sanders,RB,PHI,4.050126582,30,2.7611,20,79,73.89200877,5.107991233,3.95,0.255399562,0.4,1,00-0035243,Miles,Sanders,26,M.Sanders
2019,REG,16,Kerryon Johnson,RB,DET,3.248095238,20,2.6667,10,42,39.44633892,2.553661079,4.2,0.255366108,0.5,0,00-0034349,Kerryon,Johnson,33,K.Johnson
2019,REG,16,Carlos Hyde,RB,HOU,6.67037037,41.17647059,2.965352941,17,27,54.94793412,-27.94793412,1.588235294,-1.643996125,0.235294118,1,00-0031045,Carlos,Hyde,23,C.Hyde
2019,REG,16,Le'Veon Bell,RB,NYJ,5.338611111,0,2.6572,25,72,97.32937689,-25.32937689,2.88,-1.013175076,0.44,0,00-0030496,Le'Veon,Bell,26,L.Bell
2019,REG,16,Alvin Kamara,RB,NO,2.50125,27.27272727,2.483454545,11,80,57.28280573,22.71719427,7.272727273,2.065199479,0.727272727,2,00-0033906,Alvin,Kamara,41,A.Kamara
2019,REG,16,Leonard Fournette,RB,JAX,3.114366197,53.33333333,2.541133333,15,71,65.41187238,5.588127616,4.733333333,0.372541841,0.266666667,0,00-0033856,Leonard,Fournette,27,L.Fournette
2019,REG,16,Nick Chubb,RB,CLE,5.291555556,26.66666667,3.255866667,15,45,51.52557393,-6.525573929,3,-0.435038262,0.266666667,0,00-0034791,Nicholas,Chubb,24,N.Chubb
2019,REG,16,Raheem Mostert,RB,SF,3.297735849,18.18181818,2.569454545,11,53,47.01032433,5.989675673,4.818181818,0.54451597,0.545454545,1,00-0031687,Dominique,Mostert,31,R.Mostert
2019,REG,16,Kenyan Drake,RB,ARI,3.221084337,29.16666667,3.209916667,24,166,130.5305256,32.46947437,6.916666667,1.411716277,0.304347826,2,00-0033118,Kenyan,Drake,41,K.Drake
2019,REG,16,Devonta Freeman,RB,ATL,4.432075472,53.84615385,3.060923077,13,53,58.10482353,-5.104823532,4.076923077,-0.392678733,0.461538462,1,00-0031285,Devonta,Freeman,24,D.Freeman
2019,REG,16,Sony Michel,RB,NE,3.659895833,66.66666667,2.525238095,21,96,87.98625241,8.013747594,4.571428571,0.381607028,0.428571429,0,00-0034845,Sony,Michel,26,S.Michel
2019,REG,16,Todd Gurley,RB,LAR,5.58625,60,3.067266667,15,48,64.19270391,-16.19270391,3.2,-1.079513594,0.333333333,2,00-0032241,Todd Gurley II,Gurley,30,T.Gurley
2019,REG,16,Aaron Jones,RB,GB,3.433311688,21.73913043,2.892695652,23,154,118.07305,35.92695005,6.695652174,1.562041306,0.304347826,2,00-0033293,Aaron,Jones,33,A.Jones
2019,REG,16,Joe Mixon,HB,CIN,6.1702,0,2.951857143,21,50,81.13866581,-31.13866581,2.380952381,-1.48279361,0.238095238,0,00-0033897,Joe,Mixon,28,J.Mixon
2019,REG,16,Phillip Lindsay,RB,DEN,3.499357798,21.05263158,2.946473684,19,109,87.90871303,21.09128697,5.736842105,1.110067735,0.421052632,1,00-0034109,Phillip,Lindsay,30,P.Lindsay
2019,REG,16,David Montgomery,RB,CHI,3.982105263,0,2.790076923,13,57,39.91805355,17.08194645,4.384615385,1.31399588,0.538461538,0,00-0035685,David,Montgomery,32,D.Montgomery
2019,REG,16,Devin Singletary,RB,BUF,4.844130435,13.33333333,3.0584,15,46,57.86847612,-11.86847612,3.066666667,-0.791231742,0.4,0,00-0035250,Devin,Singletary,26,D.Singletary
2019,REG,16,Marlon Mack,RB,IND,2.970947368,12.5,2.81125,16,95,69.72516978,25.27483022,5.9375,1.579676889,0.5625,1,00-0033951,Marlon,Mack,25,M.Mack
2019,REG,16,Gus Edwards,RB,BAL,2.999393939,8.333333333,2.9275,12,66,70.44995959,-4.449959588,5.5,-0.370829966,0.5,0,00-0034184,Gus,Edwards,35,G.Edwards
2019,REG,16,Mike Boone,RB,MIN,5.106071429,0,2.570727273,11,28,41.08631521,-13.08631521,2.545454545,-1.189665019,0.272727273,0,00-0034208,Michael,Boone,23,M.Boone
2019,REG,16,Ronald Jones,RB,TB,2.792467532,21.42857143,2.407785714,14,77,51.20904961,25.79095039,5.5,1.842210742,0.142857143,1,00-0034816,Ronald,Jones,27,R.Jones
2019,REG,16,Saquon Barkley,RB,NYG,2.418677249,0,2.625363636,22,189,106.494703,82.50529701,8.590909091,3.750240773,0.454545455,1,00-0034844,Saquon,Barkley,26,S.Barkley
2019,REG,16,Myles Gaskin,RB,MIA,4.269090909,43.75,2.852375,16,55,54.4096034,0.590396602,3.4375,0.036899788,0.4375,1,00-0035311,Myles,Gaskin,37,M.Gaskin
2019,REG,17,Kenyan Drake,RB,ARI,3.440333333,8.333333333,2.822166667,12,60,38.61659921,21.38340079,5,1.781950065,0.416666667,1,00-0033118,Kenyan,Drake,41,K.Drake
2019,REG,17,Ezekiel Elliott,RB,DAL,2.857704918,0,2.747333333,18,122,110.8766677,11.1233323,6.777777778,0.617962905,0.222222222,1,00-0033045,Ezekiel,Elliott,21,E.Elliott
2019,REG,17,Devonta Freeman,RB,ATL,5.281724138,27.77777778,3.178333333,18,58,73.32177982,-15.32177982,3.222222222,-0.85120999,0.222222222,0,00-0031285,Devonta,Freeman,24,D.Freeman
2019,REG,17,Nick Chubb,RB,CLE,5.132439024,23.07692308,3.16,13,41,56.04411431,-15.04411431,3.153846154,-1.157239562,0.307692308,0,00-0034791,Nicholas,Chubb,24,N.Chubb
2019,REG,17,Adrian Peterson,RB,WAS,2.836794872,30.76923077,2.732769231,13,78,57.96721773,20.03278227,6,1.540983251,0.384615385,0,00-0025394,Adrian,Peterson,26,A.Peterson
2019,REG,17,Phillip Lindsay,RB,DEN,5.604339623,38.88888889,3.136833333,18,53,61.37478782,-8.374787824,2.944444444,-0.46526599,0.388888889,0,00-0034109,Phillip,Lindsay,30,P.Lindsay
2019,REG,17,David Montgomery,RB,CHI,3.227433628,43.47826087,2.414304348,23,113,100.7306677,12.26933234,4.913043478,0.533449232,0.608695652,1,00-0035685,David,Montgomery,32,D.Montgomery
2019,REG,17,Patrick Laird,RB,MIA,6.316666667,36.36363636,3.013545455,11,21,46.78403848,-25.78403848,1.909090909,-2.344003498,0.181818182,0,00-0035342,Patrick,Laird,42,P.Laird
2019,REG,17,Benny Snell,RB,PIT,3.528021978,38.88888889,2.782666667,18,91,56.89061552,34.10938448,5.055555556,1.894965804,0.611111111,1,00-0035217,Benny,Snell,24,B.Snell Jr.
2019,REG,17,Derrick Henry,RB,TEN,3.073080569,40.625,2.79059375,32,211,145.3376362,65.66236385,6.59375,2.05194887,0.5625,3,00-0032764,Derrick,Henry,22,D.Henry
2019,REG,17,Damien Williams,RB,KC,2.421532258,25,2.859,12,124,51.12874137,72.87125863,10.33333333,6.072604886,0.5,2,00-0030874,Damien,Williams,26,Dam.Williams
2019,REG,17,Latavius Murray,RB,NO,4.165901639,41.17647059,2.590941176,17,61,81.28923561,-20.28923561,3.588235294,-1.193484448,0.411764706,0,00-0030513,Latavius,Murray,28,L.Murray
2019,REG,17,Aaron Jones,RB,GB,3.8344,0,2.46064,25,100,109.5128593,-9.512859261,4,-0.38051437,0.28,0,00-0033293,Aaron,Jones,33,A.Jones
2019,REG,17,Justice Hill,RB,BAL,4.319230769,0,3.1803,10,39,45.10985062,-6.109850616,3.9,-0.610985062,0.3,1,00-0034975,Justice,Hill,43,J.Hill
2019,REG,17,Raheem Mostert,RB,SF,3.339122807,80,2.9317,10,57,49.27725131,7.722748687,5.7,0.772274869,0.4,2,00-0031687,Dominique,Mostert,31,R.Mostert
2019,REG,17,Mike Boone,RB,MIN,2.31972973,29.41176471,2.464235294,17,148,80.51066875,67.48933125,8.705882353,3.969960662,0.588235294,1,00-0034208,Michael,Boone,23,M.Boone
2019,REG,17,Marshawn Lynch,RB,SEA,4.892941176,33.33333333,2.781166667,12,34,32.81827917,1.181720831,2.833333333,0.098476736,0.5,1,00-0025399,Marshawn,Lynch,24,M.Lynch
2019,REG,17,Joe Mixon,HB,CIN,3.074074074,3.846153846,2.901423077,26,162,95.22526861,66.77473139,6.230769231,2.5682589,0.346153846,2,00-0033897,Joe,Mixon,28,J.Mixon
2019,REG,17,Sony Michel,RB,NE,3.604864865,5.555555556,2.561111111,18,74,64.87631555,9.123684451,4.111111111,0.506871358,0.5,1,00-0034845,Sony,Michel,26,S.Michel
2019,REG,17,Todd Gurley,RB,LAR,4.498823529,0,2.807,20,68,77.48261469,-9.482614689,3.4,-0.474130734,0.4,0,00-0032241,Todd Gurley II,Gurley,30,T.Gurley
2019,REG,17,Marlon Mack,RB,IND,4.050779221,26.66666667,3.271933333,15,77,53.29053395,23.70946605,5.133333333,1.58063107,0.466666667,2,00-0033951,Marlon,Mack,25,M.Mack
2019,REG,17,Melvin Gordon,RB,LAC,4.757826087,21.42857143,2.858571429,14,46,41.07062283,4.92937717,3.285714286,0.352098369,0.357142857,1,00-0032144,Melvin,Gordon,25,M.Gordon
2019,REG,17,Le'Veon Bell,RB,NYJ,6.215121951,0,3.207375,16,41,64.07881435,-23.07881435,2.5625,-1.538587623,0.2,0,00-0030496,Le'Veon,Bell,26,L.Bell
2019,REG,17,Boston Scott,RB,PHI,5.390925926,10.52631579,2.918473684,19,54,61.33891088,-7.338910885,2.842105263,-0.386258468,0.315789474,3,00-0034414,Boston,Scott,35,B.Scott
2019,REG,17,Ryquell Armstead,RB,JAX,4.361212121,20,2.6369,10,33,49.37882695,-16.37882695,3.3,-1.637882695,0.3,0,00-0035268,Ryquell,Armstead,23,R.Armstead
2019,REG,17,Travis Homer,RB,SEA,3.296290323,10,2.9594,10,62,60.77596379,1.224036213,6.2,0.122403621,0.3,0,00-0035594,Travis,Homer,25,T.Homer
2019,REG,17,Kerryon Johnson,RB,DET,2.878679245,9.090909091,2.504272727,11,53,53.49354598,-0.49354598,4.818181818,-0.044867816,0.363636364,1,00-0034349,Kerryon,Johnson,33,K.Johnson
2019,REG,17,Ronald Jones,RB,TB,2.618679245,9.090909091,2.823545455,11,106,56.46782286,49.53217714,9.636363636,4.502925194,0.636363636,0,00-0034816,Ronald,Jones,27,R.Jones
2019,REG,17,Saquon Barkley,RB,NYG,3.437934783,11.76470588,3.021235294,17,92,51.99241662,40.00758338,5.411764706,2.353387258,0.235294118,1,00-0034844,Saquon,Barkley,26,S.Barkley
2019,REG,17,DeAndre Washington,RB,LV,3.722077922,11.76470588,2.724176471,17,77,82.73840398,-5.738403976,4.529411765,-0.337553175,0.117647059,0,00-0032940,DeAndre,Washington,33,D.Washington
2019,REG,17,Gus Edwards,RB,BAL,2.583538462,9.523809524,2.645428571,21,130,114.6024152,15.39758477,6.19047619,0.733218322,0.333333333,0,00-0034184,Gus,Edwards,35,G.Edwards
2019,REG,17,Tony Pollard,RB,DAL,3.434166667,0,2.7935,14,60,65.38029044,-5.38029044,4.285714286,-0.38430646,0.428571429,0,00-0035261,Tony,Pollard,20,T.Pollard
2019,POST,18,Devin Singletary,RB,BUF,3.888448276,7.692307692,2.980846154,13,58,52.71597433,5.284025672,4.461538462,0.406463513,0.384615385,0,00-0035250,Devin,Singletary,26,D.Singletary
2019,POST,18,Miles Sanders,RB,PHI,4.293333333,57.14285714,3.224928571,14,69,72.10192592,-3.101925915,4.928571429,-0.221566137,0.357142857,0,00-0035243,Miles,Sanders,26,M.Sanders
2019,POST,18,Derrick Henry,RB,TEN,3.413846154,26.47058824,2.684176471,34,182,127.5206041,54.47939589,5.352941176,1.602335173,0.617647059,1,00-0032764,Derrick,Henry,22,D.Henry
2019,POST,18,Dalvin Cook,RB,MIN,5.117340426,25,2.83425,28,94,103.7133604,-9.713360392,3.357142857,-0.346905728,0.392857143,2,00-0033893,Dalvin,Cook,33,D.Cook
2019,POST,18,Travis Homer,RB,SEA,14.14833333,18.18181818,3.144727273,11,12,36.05386218,-24.05386218,1.090909091,-2.186714744,0.272727273,0,00-0035594,Travis,Homer,25,T.Homer
2019,POST,18,Sony Michel,RB,NE,4.190983607,50,2.944714286,14,61,51.63890086,9.361099145,4.357142857,0.668649939,0.357142857,0,00-0034845,Sony,Michel,26,S.Michel
2019,POST,18,Carlos Hyde,RB,HOU,4.454166667,18.75,2.79325,16,48,49.30825977,-1.308259773,3,-0.081766236,0.4375,0,00-0031045,Carlos,Hyde,23,C.Hyde
2019,POST,19,Damien Williams,RB,KC,5.326170213,16.66666667,3.356416667,12,47,45.03295236,1.967047637,3.916666667,0.163920636,0.25,2,00-0030874,Damien,Williams,26,Dam.Williams
2019,POST,19,Carlos Hyde,RB,HOU,3.797272727,0,2.719538462,13,44,57.57496563,-13.57496563,3.384615385,-1.044228125,0.384615385,0,00-0031045,Carlos,Hyde,23,C.Hyde
2019,POST,19,Raheem Mostert,RB,SF,3.656724138,16.66666667,2.654416667,12,58,64.01752086,-6.017520861,4.833333333,-0.501460072,0.333333333,0,00-0031687,Dominique,Mostert,31,R.Mostert
2019,POST,19,Marshawn Lynch,RB,SEA,4.799615385,16.66666667,2.795166667,12,26,37.47060288,-11.47060288,2.166666667,-0.955883573,0.416666667,2,00-0025399,Marshawn,Lynch,24,M.Lynch
2019,POST,19,Tevin Coleman,RB,SF,3.524190476,68.18181818,2.622136364,22,105,90.9607769,14.0392231,4.772727273,0.638146505,0.545454545,2,00-0032058,Tevin,Coleman,26,T.Coleman
2019,POST,19,Derrick Henry,RB,TEN,3.004820513,63.33333333,2.600933333,30,195,101.1918539,93.80814606,6.5,3.126938202,0.566666667,0,00-0032764,Derrick,Henry,22,D.Henry
2019,POST,19,Aaron Jones,RB,GB,5.576774194,47.61904762,2.98152381,21,62,42.35260571,19.64739429,2.952380952,0.935590204,0.428571429,2,00-0033293,Aaron,Jones,33,A.Jones
2019,POST,20,Aaron Jones,RB,GB,3.615,33.33333333,2.696,12,56,56.05033869,-0.05033869,4.666666667,-0.004194891,0.583333333,1,00-0033293,Aaron,Jones,33,A.Jones
2019,POST,20,Raheem Mostert,RB,SF,2.922909091,13.79310345,3.103758621,29,220,128.8290626,91.17093737,7.586206897,3.143825426,0.517241379,4,00-0031687,Dominique,Mostert,31,R.Mostert
2019,POST,20,Damien Williams,RB,KC,6.824888889,5.882352941,3.253941176,17,45,74.43446194,-29.43446194,2.647058824,-1.731438938,0.176470588,1,00-0030874,Damien,Williams,26,Dam.Williams
2019,POST,20,Derrick Henry,RB,TEN,4.476231884,36.84210526,2.730947368,19,69,67.58001967,-6.580019665,3.631578947,-0.38705998,0.352941176,1,00-0032764,Derrick,Henry,22,D.Henry
2019,POST,22,Damien Williams,RB,KC,3.047884615,5.882352941,2.792470588,17,104,76.11018239,23.88981761,6.117647059,1.493113601,0.25,1,00-0030874,Damien,Williams,26,Dam.Williams
2019,POST,22,Raheem Mostert,RB,SF,3.932758621,25,2.903083333,12,58,58.88454075,-0.884540748,4.833333333,-0.073711729,0.416666667,1,00-0031687,Dominique,Mostert,31,R.Mostert
